timestamp,hand_id,frame_no,wrist1_x,wrist1_y,thumb1_x,thumb1_y,thumb2_x,thumb2_y,thumb3_x,thumb3_y,thumb4_x,thumb4_y,index1_x,index1_y,index2_x,index2_y,index3_x,index3_y,index4_x,index4_y,middle1_x,middle1_y,middle2_x,middle2_y,middle3_x,middle3_y,middle4_x,middle4_y,ring1_x,ring1_y,ring2_x,ring2_y,ring3_x,ring3_y,ring4_x,ring4_y,pinky1_x,pinky1_y,pinky2_x,pinky2_y,pinky3_x,pinky3_y,pinky4_x,pinky4_y
1.62,0,38,472,381,429,364,384,343,344,336,308,331,413,286,373,257,342,250,317,255,424,291,384,263,348,256,320,260,439,308,392,283,353,276,323,278,451,332,402,326,361,325,329,329
1.67,0,39,462,377,417,357,375,328,337,314,302,306,407,274,372,238,342,229,314,233,427,275,396,234,363,221,332,220,452,285,426,246,399,231,375,225,479,302,464,272,447,257,430,246
1.72,0,40,476,354,433,331,384,305,339,293,302,284,440,239,391,203,353,195,320,198,444,246,400,206,363,195,330,197,443,261,399,228,367,213,340,209,438,282,393,260,361,249,335,244
1.76,0,41,463,348,416,321,377,290,339,276,302,264,421,229,385,188,350,175,315,176,441,236,409,185,368,172,329,172,463,254,440,207,408,190,376,181,484,280,478,244,464,223,446,207
1.81,0,42,468,336,415,307,375,274,337,260,299,247,429,208,391,166,353,154,316,156,447,214,406,166,363,153,324,154,465,231,430,182,391,165,356,158,479,256,462,219,441,196,418,179
1.85,0,43,471,326,417,295,375,259,334,245,298,230,433,188,390,148,350,136,313,138,449,191,401,146,357,135,317,136,462,205,420,158,378,140,343,132,469,227,443,185,417,158,393,135
1.9,0,44,472,314,418,282,374,245,335,231,301,215,425,176,388,132,351,120,316,124,441,177,396,128,354,118,316,125,455,187,415,136,373,121,335,119,464,205,436,162,409,138,383,120
1.94,0,45,478,282,421,247,376,207,337,191,303,174,435,137,394,95,356,83,320,84,448,136,396,90,352,77,312,82,456,143,409,93,365,78,326,77,456,157,427,112,401,86,374,69
1.99,0,46,482,273,419,236,374,200,336,188,303,168,425,132,387,84,349,72,315,77,441,129,391,75,346,66,309,78,452,135,406,79,362,70,325,74,458,148,426,101,397,80,369,67
2.04,0,47,486,266,417,232,371,199,335,183,301,160,417,124,381,79,346,68,314,73,434,122,390,68,345,59,306,72,447,127,406,72,361,64,324,71,456,138,421,90,388,73,358,65
2.09,0,48,481,262,415,229,368,194,331,179,298,158,413,120,377,74,342,65,310,71,428,118,386,62,341,56,304,72,441,122,403,65,358,58,322,68,451,132,420,84,387,66,356,61
2.13,0,49,480,259,413,225,366,193,330,179,297,157,411,118,373,74,339,64,307,70,427,116,380,61,336,53,300,70,439,120,397,63,353,56,318,67,448,129,414,80,380,64,350,60
2.18,0,50,480,256,410,224,364,193,326,181,292,159,409,115,370,70,335,62,304,70,424,113,376,58,331,53,297,72,435,118,391,62,346,58,313,70,442,128,406,81,371,66,341,63
2.23,0,51,474,258,409,228,361,194,324,181,291,161,404,118,367,74,333,64,303,70,418,115,371,62,328,57,295,75,430,118,385,64,341,59,308,71,438,127,402,81,368,66,338,64
2.27,0,52,476,257,408,225,360,196,323,184,289,164,403,119,362,77,327,68,296,75,418,117,367,64,323,59,290,77,429,121,381,66,337,63,305,76,437,129,399,82,365,68,335,64
2.32,0,53,473,273,413,243,363,212,324,200,291,183,405,137,366,93,331,82,300,86,419,131,370,83,329,76,296,89,430,133,384,83,341,76,308,84,437,141,403,100,372,82,342,76
2.37,0,54,472,277,415,250,366,219,326,208,293,192,405,142,365,98,330,90,299,97,417,139,367,90,327,86,295,100,427,142,381,92,341,86,308,95,434,152,403,111,374,93,347,84
2.42,0,55,474,282,414,257,365,226,325,217,291,202,404,149,364,108,329,99,298,105,415,144,366,99,326,94,293,108,425,147,379,101,338,94,305,102,431,157,398,118,369,101,340,94
2.46,0,56,479,289,414,261,364,232,325,225,290,209,407,154,364,114,328,106,296,112,421,151,365,103,321,100,288,117,431,157,377,108,334,104,300,113,436,170,399,129,367,111,338,101
2.51,0,57,473,288,413,263,362,232,322,223,290,207,404,154,361,111,325,103,294,109,417,152,362,104,319,100,287,115,428,157,376,109,333,103,300,111,435,169,398,128,367,109,339,98
2.56,0,58,471,289,412,262,363,229,322,219,289,202,399,154,362,111,328,99,296,100,412,151,368,103,328,94,293,103,427,154,384,105,344,94,310,98,440,163,409,122,380,99,351,86
2.6,0,59,474,287,411,260,362,229,322,221,289,205,398,155,361,111,328,99,295,102,413,151,369,102,327,93,291,104,427,155,388,104,345,93,309,99,439,165,411,122,380,101,351,91
2.65,0,60,489,301,425,274,372,241,330,234,294,224,424,156,369,121,330,117,294,125,437,156,365,115,321,116,288,132,445,168,377,124,331,123,295,131,443,188,403,150,372,130,342,115
2.7,0,61,491,301,424,271,373,240,332,232,297,218,418,157,370,120,332,114,299,122,433,157,368,113,325,111,292,127,443,166,383,121,337,117,301,125,446,181,404,145,372,127,343,115
2.74,0,62,495,304,427,271,377,240,337,231,301,217,422,159,375,122,337,115,302,123,436,160,374,112,329,110,295,126,445,169,386,119,340,117,304,126,447,183,405,142,372,125,341,114
2.79,0,63,496,302,427,269,378,240,338,232,301,219,423,158,373,121,334,116,300,125,438,159,372,111,327,111,294,129,447,169,385,120,339,121,305,131,449,184,407,145,375,127,345,115
2.84,0,64,499,302,428,270,378,241,338,234,302,219,422,159,375,123,338,116,303,123,438,160,375,114,330,111,296,126,448,168,388,121,342,119,306,127,450,183,408,144,375,127,344,115
2.88,0,65,496,303,431,272,380,241,340,233,303,220,427,159,378,122,340,115,304,121,442,162,375,114,331,112,297,127,451,172,389,123,345,118,309,124,453,188,414,148,383,126,354,109
2.93,0,66,502,302,431,271,382,243,342,235,304,220,426,161,379,122,340,116,306,124,442,163,380,115,334,112,300,126,451,173,393,125,347,120,312,126,453,189,415,148,383,128,354,113
2.97,0,67,506,303,435,272,386,244,347,235,309,221,429,161,382,123,343,116,309,124,444,164,383,114,337,113,301,128,454,173,397,124,350,121,314,128,456,189,418,147,385,126,355,112
3.02,0,68,519,309,451,274,403,244,362,237,325,221,451,161,400,123,361,114,325,118,465,164,398,116,352,112,315,126,474,176,410,126,363,121,326,126,473,193,433,152,398,129,367,113
3.07,0,69,520,311,454,278,402,245,360,238,324,225,449,164,401,124,362,116,326,120,465,165,400,117,356,113,321,125,476,176,414,129,367,122,331,125,480,194,439,155,408,133,378,116
3.12,0,70,525,310,455,275,405,245,364,238,326,224,451,162,401,123,361,117,326,124,468,165,404,115,357,112,322,126,478,177,418,126,370,123,334,129,480,195,442,154,409,133,380,116
3.16,0,71,522,311,459,279,408,245,366,237,331,226,457,162,406,121,367,114,331,118,472,163,405,115,361,112,327,124,482,175,419,127,374,121,339,123,486,194,447,154,416,130,387,111
3.21,0,72,531,315,462,277,410,245,368,238,331,226,460,164,411,122,371,113,334,117,477,168,412,114,366,109,331,121,488,180,426,127,379,120,343,122,490,199,451,155,420,130,391,109
3.26,0,73,531,312,464,278,413,247,371,240,334,227,460,164,411,122,372,112,336,116,477,167,414,114,369,108,332,118,489,179,430,125,385,117,348,118,494,197,457,154,426,128,398,107
3.3,0,74,535,312,466,279,415,248,372,241,336,230,460,165,413,121,375,109,339,112,477,167,416,113,370,105,333,115,491,179,434,126,389,115,352,115,497,199,461,155,430,128,402,107
3.35,0,75,538,316,468,285,415,257,372,255,334,247,456,169,415,118,378,99,342,96,474,176,422,110,375,92,336,93,489,191,440,128,397,108,360,99,496,211,467,162,439,131,412,105
3.4,0,76,534,315,465,290,413,263,370,260,333,257,448,173,410,118,375,97,340,89,465,175,419,110,375,90,336,86,480,189,437,126,397,103,362,91,490,209,462,163,437,134,414,108
3.44,0,77,533,318,464,291,411,266,369,266,332,263,444,177,407,120,373,95,338,83,462,181,418,112,374,89,336,82,477,197,436,133,399,106,368,90,487,219,460,171,437,140,415,112
3.49,0,78,534,317,464,290,411,268,369,269,331,266,439,175,403,119,368,94,334,83,457,181,415,108,370,87,331,83,473,197,432,132,394,108,362,94,483,219,457,171,434,141,411,114
3.53,0,79,532,316,462,290,411,268,370,270,332,267,436,176,401,121,368,96,334,84,454,183,412,112,369,89,330,82,469,198,430,130,392,105,357,90,478,217,457,166,435,134,412,107
3.58,0,80,528,314,461,290,408,268,366,270,327,269,433,175,400,117,367,94,333,84,450,179,412,108,370,86,333,80,466,193,429,125,392,102,359,89,477,213,454,165,431,135,408,108
3.63,0,81,530,316,461,290,409,269,368,271,330,268,435,178,403,121,368,95,334,87,453,185,413,113,372,89,333,82,470,200,431,134,394,109,361,95,481,221,457,170,434,139,411,111
3.68,0,82,528,315,461,290,409,269,367,272,329,270,433,179,402,121,367,98,333,90,451,185,415,113,372,91,333,86,468,201,432,133,396,109,363,96,479,223,457,175,434,144,412,117
3.72,0,83,527,317,462,293,410,272,368,274,330,272,435,181,402,123,368,100,333,91,452,185,414,116,372,94,334,88,469,200,433,133,397,110,365,97,481,221,460,172,437,142,414,115
3.77,0,84,530,317,463,293,412,270,372,272,334,269,437,181,410,121,374,103,340,105,455,187,420,115,377,100,339,103,471,200,437,133,396,114,360,107,483,221,463,170,439,139,414,114
3.81,0,85,530,314,462,292,412,270,373,272,336,269,435,181,413,119,376,106,343,112,455,187,426,108,381,99,346,110,472,200,443,130,401,114,366,113,485,220,465,168,439,140,413,119
3.86,0,86,528,313,461,292,411,269,373,273,336,269,435,181,413,118,377,105,344,111,455,186,426,109,382,100,347,111,471,199,444,130,402,114,366,113,484,219,465,169,439,141,413,122
3.91,0,87,527,314,460,292,411,269,373,272,337,266,435,183,414,122,379,112,347,122,455,188,431,109,389,103,355,117,471,200,449,129,409,114,376,116,484,219,466,170,439,144,414,127
3.96,0,88,526,313,461,290,412,268,373,271,337,265,436,183,415,121,380,111,348,120,456,187,430,109,387,102,353,116,472,200,448,129,408,113,375,114,484,219,464,170,437,144,412,126
4.01,0,89,521,314,463,293,412,267,374,266,339,259,439,181,421,116,386,109,356,121,456,184,434,101,392,100,362,121,470,194,450,120,409,110,377,118,484,211,467,161,438,139,411,125
4.05,0,90,526,315,464,292,413,266,374,265,341,258,446,183,427,116,391,107,360,118,462,186,435,101,391,99,361,120,475,197,449,122,406,111,374,119,486,213,466,164,437,140,413,125
4.1,0,91,533,315,475,285,427,255,388,247,355,233,467,169,447,105,410,101,378,119,479,173,453,93,408,94,378,122,488,182,468,109,423,102,391,116,496,197,480,148,450,127,424,117
4.15,0,92,544,316,481,280,432,244,392,232,361,212,482,165,456,106,417,103,383,116,496,169,460,91,413,96,384,125,505,176,477,105,427,106,394,124,511,189,486,139,450,123,419,121
4.19,0,93,539,313,479,280,429,244,389,232,362,215,474,166,452,105,414,105,383,120,488,166,459,90,414,97,386,124,500,173,477,103,429,105,398,124,510,184,490,136,455,121,425,119
4.24,0,94,547,316,486,276,440,237,400,223,366,201,492,160,458,103,418,107,386,124,507,161,463,87,416,100,390,132,517,169,480,99,431,108,401,132,524,183,496,131,459,118,429,116
4.28,0,95,547,315,486,276,434,238,394,224,367,203,490,159,462,99,421,105,388,125,504,161,463,85,416,99,391,129,514,169,482,100,433,109,404,132,522,183,497,133,460,120,430,119
4.33,0,96,558,310,489,269,443,233,405,218,371,194,499,153,465,98,423,105,392,128,515,159,465,87,418,103,392,133,524,170,480,104,430,115,402,138,529,185,497,134,457,123,427,124
4.37,0,97,556,314,489,270,440,233,401,219,370,193,502,155,465,100,424,107,391,129,517,160,465,89,417,104,391,135,526,170,481,103,430,114,400,138,529,184,496,133,457,122,426,125
4.42,0,98,563,310,493,269,445,234,405,219,371,195,508,153,463,106,420,112,386,132,523,159,464,96,415,109,386,136,530,169,478,109,429,119,399,140,532,181,494,134,455,123,424,123
4.49,0,99,563,313,494,268,445,232,405,218,372,193,514,153,463,106,421,111,384,127,529,160,460,97,412,109,383,137,535,172,475,109,426,118,394,140,534,187,495,137,456,123,424,120
4.53,0,100,564,315,495,268,445,231,403,217,371,193,517,154,462,107,419,112,382,128,531,159,458,95,409,109,381,138,537,170,474,106,424,117,393,140,534,186,494,136,455,121,423,118
4.58,0,101,567,318,500,272,446,233,402,219,370,197,525,151,460,107,415,112,377,129,540,158,453,101,404,114,375,140,544,172,469,114,417,124,385,145,539,192,489,147,450,132,417,126
4.62,0,102,568,320,500,272,447,232,403,219,369,197,524,151,460,107,415,112,379,128,539,157,454,102,405,114,376,139,543,171,467,115,416,125,384,145,538,191,487,147,449,133,417,127
4.67,0,103,567,324,501,276,449,237,403,221,368,202,527,154,454,114,407,118,371,132,540,159,447,111,398,120,368,143,544,174,460,123,410,130,379,147,536,195,480,154,443,139,414,131
4.72,0,104,568,325,502,277,450,237,404,222,369,202,529,155,454,116,408,118,370,131,541,159,447,111,398,119,368,142,544,172,460,123,410,129,378,145,536,192,480,153,442,137,411,128
4.76,0,105,568,329,499,284,446,244,398,226,358,212,523,159,436,134,387,136,348,140,533,163,428,126,379,135,344,150,534,180,443,144,396,148,362,154,526,206,473,180,441,166,414,152
4.82,0,106,570,327,497,283,443,244,394,231,354,220,518,159,430,143,381,143,340,145,529,164,425,136,375,140,337,147,534,183,442,155,392,153,354,152,528,212,472,187,437,172,406,155
4.86,0,107,569,325,497,280,442,243,393,232,353,219,518,160,429,145,381,143,339,142,529,165,425,139,374,140,335,146,532,183,443,154,392,150,353,150,525,210,467,184,428,168,395,155
4.9,0,108,566,322,493,276,440,241,393,233,352,217,513,162,429,142,382,138,340,137,526,169,429,136,377,133,337,138,530,187,445,151,394,146,355,144,524,212,463,182,422,165,387,149
4.95,0,109,567,321,491,276,440,241,393,234,351,218,509,164,427,143,380,139,339,138,523,171,429,136,377,133,337,137,528,188,445,151,393,145,354,142,522,212,464,181,422,163,388,146
5.01,0,110,564,323,491,277,438,241,391,235,349,220,510,161,428,139,380,134,338,134,524,169,429,134,378,130,338,134,529,188,446,149,395,143,357,139,523,214,465,183,424,164,391,146
5.06,0,111,565,322,490,275,437,240,390,234,348,218,509,162,426,140,379,134,338,133,523,170,429,134,377,129,336,133,527,190,445,149,393,143,355,140,521,215,464,182,423,162,389,144
5.11,0,112,558,319,483,275,431,243,385,236,342,221,496,160,420,133,373,127,331,128,512,170,424,129,373,124,332,130,519,191,442,147,392,141,354,138,515,216,468,181,432,159,400,136
5.16,0,113,551,321,482,281,427,247,381,241,340,229,493,156,419,130,374,123,333,124,510,162,420,124,370,120,330,126,520,181,439,140,389,132,351,129,518,209,468,174,433,151,404,127
5.2,0,114,553,321,483,280,427,246,379,239,339,228,494,155,419,129,374,121,332,121,511,161,421,125,371,121,331,127,522,181,440,141,389,134,350,131,521,209,470,175,435,153,405,130
5.25,0,115,550,321,480,279,426,248,380,244,339,231,486,161,419,127,375,117,335,114,506,166,426,121,375,112,335,114,518,183,445,138,393,126,354,119,520,209,469,172,434,148,404,124
5.3,0,116,549,321,479,280,425,249,378,244,337,232,485,160,419,127,375,117,334,116,505,166,424,121,375,113,335,117,518,184,445,138,396,127,356,120,521,210,474,175,441,151,411,127
5.34,0,117,550,322,479,281,426,252,379,249,336,238,481,166,421,124,378,110,337,106,500,174,426,118,377,106,336,108,514,192,448,138,398,122,358,112,518,217,478,175,445,148,416,122
5.39,0,118,549,320,477,280,424,251,378,248,336,238,480,163,422,123,378,110,337,106,500,173,427,117,378,106,337,108,513,192,447,138,398,122,356,113,516,217,478,175,445,148,413,123
5.44,0,119,547,317,472,288,421,262,376,259,335,251,462,173,421,123,380,106,342,105,483,181,429,115,382,100,341,101,498,196,449,136,403,117,364,109,505,218,475,169,447,138,419,111
5.49,0,120,535,317,467,289,416,261,374,260,335,254,450,176,418,118,382,104,348,106,469,181,431,110,386,100,348,109,486,195,450,128,406,112,368,110,500,214,478,163,451,134,424,112
5.54,0,121,536,317,466,288,415,260,374,259,334,253,450,175,419,120,383,104,348,106,470,181,431,111,386,99,347,107,487,196,450,129,406,113,368,110,501,216,478,163,451,134,423,112
5.58,0,122,536,313,464,287,414,262,373,262,334,254,447,175,420,116,382,102,349,107,468,183,434,107,388,98,350,110,486,197,454,129,410,113,373,113,499,217,480,165,452,135,425,114
5.63,0,123,535,312,463,287,414,263,374,262,335,254,446,175,419,117,382,103,350,108,467,182,435,107,389,99,351,111,485,197,456,129,412,112,376,110,498,217,480,165,452,136,426,115
5.68,0,124,530,312,462,287,413,262,373,263,336,255,443,176,419,115,383,103,351,110,464,180,435,104,390,97,355,111,482,193,455,125,412,110,376,111,496,213,480,162,452,133,425,114
5.72,0,125,530,311,462,287,414,262,374,263,336,255,444,175,419,116,383,103,352,109,465,181,436,105,391,98,355,112,483,195,456,127,413,112,377,112,497,216,481,164,454,135,428,115
5.77,0,126,530,313,462,289,415,264,379,263,347,252,441,181,419,120,384,109,354,118,459,186,431,107,387,103,354,121,474,198,449,125,406,113,373,118,486,215,469,163,444,136,421,121
5.82,0,127,526,313,463,291,416,265,378,264,348,252,441,183,418,119,382,109,351,117,456,187,424,108,379,104,347,124,468,197,440,125,397,114,363,120,478,213,462,163,435,138,410,122
5.86,0,128,527,312,462,290,415,265,380,264,348,252,441,180,415,122,380,112,350,120,457,184,425,107,380,105,348,125,470,196,442,125,398,115,365,121,479,213,461,164,435,139,411,123
5.91,0,129,524,315,458,291,411,265,374,262,342,250,437,182,412,125,377,113,348,119,452,185,423,107,378,104,345,126,464,195,439,123,395,113,361,121,473,210,456,160,429,136,404,122
5.96,0,130,525,314,457,289,411,264,375,261,342,249,438,180,412,123,377,113,347,120,454,184,422,107,377,105,345,127,465,194,438,123,393,115,359,122,474,209,455,159,427,136,403,122
6.0,0,131,513,310,452,284,404,256,367,251,332,237,436,176,411,117,377,109,347,118,451,179,422,102,379,103,348,125,464,189,439,118,397,110,364,118,475,204,459,155,431,133,404,120
6.05,0,132,515,310,453,285,403,257,364,252,333,239,439,176,411,118,376,110,344,120,454,179,421,102,376,102,344,125,466,189,438,117,394,109,361,119,476,204,457,156,428,133,401,120
6.1,0,133,514,307,448,280,400,251,362,247,327,231,431,169,400,118,364,110,333,120,449,172,413,104,369,103,335,124,463,181,435,112,392,105,359,114,476,195,457,144,428,120,401,106
6.14,0,134,508,305,444,280,394,253,354,251,321,239,424,174,394,120,361,112,329,120,439,174,402,109,360,107,328,126,455,181,427,116,386,108,353,117,470,194,456,145,429,121,401,109
6.19,0,135,506,304,443,281,394,254,355,251,321,238,423,172,392,120,358,112,327,121,439,173,403,108,360,107,326,126,454,180,427,115,385,107,351,116,470,193,455,143,426,120,398,110
6.24,0,136,502,305,440,281,391,255,351,253,317,242,419,176,389,121,355,114,325,122,433,176,396,112,353,109,321,127,448,183,418,120,378,110,344,118,462,196,449,147,422,124,394,112
6.28,0,137,500,306,439,282,390,256,351,254,316,242,417,175,386,124,352,115,321,123,432,175,396,113,353,109,318,126,448,182,420,118,378,108,343,116,464,195,449,145,421,121,393,111
6.33,0,138,505,304,433,280,387,256,349,256,313,243,414,175,383,125,348,117,317,126,434,179,395,113,351,109,316,127,449,188,419,123,374,114,340,122,462,203,445,151,416,127,389,116
6.38,0,139,504,304,433,281,387,258,350,257,313,244,414,175,381,126,346,117,314,126,433,178,395,114,350,110,313,128,449,188,419,123,374,112,339,120,463,202,445,149,416,125,388,114
6.42,0,140,500,306,435,285,385,260,345,261,310,252,412,179,380,126,345,119,313,129,428,181,390,115,347,112,313,129,444,188,416,121,373,111,338,120,460,202,445,151,415,128,386,118
6.48,0,141,507,307,436,283,388,260,349,261,310,253,413,177,379,128,344,120,312,128,431,179,392,116,348,113,313,129,448,188,415,125,371,115,335,122,462,203,444,153,413,129,382,118
6.53,0,142,505,308,435,284,387,260,348,262,310,253,412,177,379,128,343,120,311,127,430,179,392,116,347,113,311,130,447,188,415,124,370,115,334,122,462,203,444,152,413,129,382,118
6.58,0,143,506,309,438,285,388,261,348,262,310,256,413,179,377,130,342,122,310,130,429,181,387,121,345,116,310,132,446,190,410,129,369,119,334,124,462,205,442,156,413,131,384,117
6.63,0,144,505,308,438,285,388,262,348,263,310,256,413,179,378,130,342,121,310,129,430,182,389,121,345,116,309,132,447,191,411,130,369,119,333,125,463,207,442,157,414,132,385,117
6.67,0,145,508,307,440,285,389,261,348,262,309,256,413,179,376,131,341,122,309,129,430,181,386,121,342,116,307,131,447,190,407,130,365,120,329,125,463,205,440,157,410,133,380,119
6.72,0,146,507,308,439,285,389,261,349,263,310,256,413,180,375,132,340,123,307,130,429,181,385,121,342,117,307,132,446,190,407,129,365,120,329,125,462,205,439,157,409,132,379,118
6.77,0,147,515,306,444,280,391,257,351,259,314,248,438,171,392,120,349,115,312,129,453,178,390,109,343,109,310,130,464,191,409,127,359,121,322,130,466,208,425,165,387,147,353,137
6.82,0,148,519,309,448,280,392,256,351,256,315,246,439,170,393,121,352,115,315,125,455,178,392,110,344,110,309,130,466,192,408,130,360,123,324,131,468,211,429,167,395,146,365,131
6.86,0,149,518,309,447,279,392,255,350,255,315,246,441,170,393,120,351,115,314,125,457,179,392,109,343,110,307,131,466,194,407,129,359,123,323,133,467,213,428,170,394,148,364,133
6.91,0,150,517,307,448,280,392,254,349,254,315,245,442,169,393,120,351,116,312,128,457,177,387,110,341,113,307,134,468,193,407,131,361,124,326,132,472,212,433,170,400,148,370,131
6.95,0,151,517,307,450,280,393,254,349,253,314,245,446,168,392,119,350,117,309,130,461,177,386,110,341,114,307,135,471,195,407,132,362,124,327,132,473,215,434,174,402,151,372,134
7.0,0,152,519,305,450,279,392,252,347,250,314,239,446,163,391,117,348,118,307,135,460,172,381,109,337,117,307,140,470,188,403,129,356,126,322,138,474,207,432,167,397,145,365,131
7.05,0,153,519,306,452,278,392,252,346,250,314,239,452,165,393,119,350,119,308,135,464,174,382,110,339,116,308,140,472,190,405,130,359,125,325,136,474,210,433,170,399,148,367,134
7.09,0,154,520,305,449,272,398,244,355,238,317,224,445,160,390,120,349,120,312,133,461,169,390,112,344,117,309,138,472,184,407,129,359,130,324,141,476,203,437,161,402,139,370,124
7.16,0,155,520,304,451,270,395,241,351,236,312,221,453,156,392,118,350,119,311,133,468,165,386,111,342,117,310,140,477,181,404,127,357,129,322,142,477,200,434,160,398,138,364,122
7.2,0,156,521,304,452,271,395,240,349,235,311,220,456,157,393,116,350,118,309,132,470,167,386,109,341,117,307,140,479,184,405,126,359,129,323,142,479,205,437,164,404,140,372,121
7.25,0,157,522,309,454,274,395,240,347,233,311,220,468,152,394,118,349,120,307,134,478,161,381,115,336,124,304,146,482,180,401,130,355,132,320,145,478,204,433,167,401,146,370,129
7.3,0,158,525,309,454,273,396,239,347,232,310,218,464,151,389,118,346,121,305,136,477,161,380,113,335,124,302,148,483,181,399,128,353,134,320,149,479,206,431,165,400,140,370,119
7.34,0,159,521,308,450,270,393,237,346,231,309,217,459,151,384,120,341,123,301,136,473,161,377,115,332,125,300,147,478,179,395,129,348,136,316,152,475,203,424,163,389,141,358,125
7.39,0,160,521,308,449,270,394,238,348,232,309,217,457,153,384,122,340,124,302,136,471,162,380,116,333,124,299,146,477,181,396,130,348,136,315,150,474,204,427,163,392,139,361,121
7.44,0,161,516,308,444,268,391,237,345,231,307,216,450,154,376,126,333,128,295,139,463,163,373,120,327,125,293,146,468,180,390,132,344,136,310,147,465,203,419,163,384,142,353,126
7.49,0,162,516,307,445,270,389,237,343,231,305,218,451,151,373,129,328,131,289,142,462,161,367,122,321,129,289,148,467,179,386,136,339,138,305,149,464,202,411,166,373,150,340,140
7.54,0,163,515,307,443,269,389,237,343,232,305,217,447,153,372,129,328,131,291,142,461,162,369,123,322,128,289,147,467,179,387,137,338,140,304,150,466,202,414,167,376,149,343,137
7.59,0,164,516,308,444,272,389,239,343,232,305,219,450,151,374,127,330,129,291,140,463,159,367,123,319,129,285,148,469,177,384,137,334,139,300,150,466,200,412,165,374,147,342,136
7.64,0,165,516,308,444,272,389,239,343,232,305,219,449,151,373,128,328,130,290,141,463,159,366,122,319,129,286,148,469,176,384,136,336,140,302,150,467,200,414,165,377,148,345,135
7.68,0,166,511,311,438,270,387,240,343,235,302,221,442,155,375,131,331,127,293,133,459,160,378,125,328,122,287,133,471,175,397,136,344,132,304,137,475,199,428,162,391,140,357,124
7.75,0,167,511,312,437,273,388,245,344,239,303,225,426,174,370,140,330,130,291,130,445,175,381,132,335,119,295,122,461,184,408,136,360,119,321,114,473,200,437,156,403,129,370,110
7.79,0,168,510,309,435,275,386,245,344,239,302,225,427,171,372,139,329,130,289,132,445,173,384,131,336,118,293,118,461,183,407,136,359,120,318,113,473,200,437,156,401,130,368,112
7.84,0,169,505,308,433,277,384,249,343,242,302,230,416,175,366,138,327,126,290,125,434,173,380,128,336,113,296,112,452,179,405,128,362,110,324,101,469,192,441,143,414,114,385,91
7.89,0,170,506,308,434,277,384,248,343,242,301,230,417,175,367,139,329,126,292,123,435,174,381,130,337,114,296,111,452,180,405,129,363,109,324,99,469,193,441,143,413,114,383,91
7.93,0,171,503,308,433,278,385,251,343,246,301,235,414,172,366,132,328,118,291,117,432,170,383,120,341,103,302,100,450,177,406,121,367,99,329,87,466,190,442,139,416,109,388,84
7.98,0,172,504,309,434,279,384,250,342,244,300,233,414,174,366,133,328,119,291,117,431,172,381,123,339,105,299,101,449,179,405,122,365,100,329,87,466,192,441,140,415,109,388,83
8.03,0,173,499,308,430,280,381,253,339,250,300,239,408,172,367,125,332,113,296,115,426,171,384,115,344,98,307,98,445,179,407,118,370,96,335,85,462,193,442,140,418,108,392,82
8.08,0,174,500,303,427,278,379,253,339,251,297,241,407,170,367,122,333,110,298,113,427,171,387,113,347,98,307,101,447,180,413,119,375,98,338,92,464,195,445,142,421,111,394,91
8.12,0,175,499,303,427,278,379,252,338,250,297,241,407,171,368,123,333,111,297,113,426,172,387,115,347,99,307,100,446,180,413,119,375,98,338,91,463,195,446,143,421,113,394,92
8.17,0,176,501,302,428,279,381,254,341,252,299,240,409,170,376,117,338,106,304,114,430,175,398,106,353,97,314,109,449,186,422,120,380,104,343,106,465,204,450,151,424,121,398,103
8.22,0,177,502,301,428,279,381,254,342,252,299,240,409,170,376,117,338,105,304,113,430,175,398,106,353,96,313,109,449,186,422,120,379,104,342,107,465,204,450,150,423,121,397,104
8.26,0,178,500,302,429,278,381,252,342,252,301,241,411,170,380,114,340,106,306,118,431,174,398,100,349,96,313,116,448,184,422,114,373,102,335,110,461,202,444,149,412,124,382,112
8.31,0,179,498,304,429,278,380,252,339,251,299,242,412,170,382,114,342,106,308,117,431,174,398,99,349,95,313,116,447,185,420,113,371,101,335,109,460,202,443,149,410,124,380,113
8.36,0,180,499,303,429,276,380,251,339,251,299,241,411,170,379,115,343,108,312,120,430,174,395,102,348,100,313,120,447,185,418,116,375,106,340,113,461,203,442,152,413,126,385,112
8.4,0,181,498,304,429,278,380,252,339,251,298,242,410,171,379,115,341,109,309,120,429,175,397,101,350,99,314,119,446,186,419,116,374,104,338,112,460,204,442,152,411,126,382,112
8.45,0,182,500,303,430,277,380,251,339,250,298,239,411,170,377,117,340,112,309,123,430,173,389,105,343,105,307,126,446,185,413,118,369,110,334,119,461,203,440,153,410,128,381,114
8.5,0,183,502,305,433,278,381,250,340,248,300,237,413,170,375,121,339,115,307,126,431,173,386,105,340,108,306,131,447,183,410,117,364,112,329,124,461,199,435,150,403,128,372,117
8.54,0,184,501,305,433,279,381,249,340,247,301,237,413,170,375,118,339,114,308,125,430,172,384,103,339,108,306,131,447,182,408,116,363,112,328,123,461,198,436,150,404,128,374,116
8.59,0,185,503,304,436,278,384,248,342,244,303,233,415,169,377,120,342,115,310,126,432,171,387,105,342,108,309,131,448,180,410,115,366,111,331,122,463,196,436,148,405,125,376,112
8.64,0,186,508,303,438,274,387,246,346,243,307,230,420,168,379,124,343,120,311,132,438,172,388,110,344,113,309,135,454,182,410,122,366,117,332,127,467,199,440,151,409,126,380,111
8.69,0,187,509,303,440,273,388,243,347,238,308,225,429,164,384,120,345,119,310,132,446,170,386,110,342,115,309,138,461,182,408,123,363,122,329,133,472,200,440,153,407,130,375,115
8.76,0,188,515,301,443,272,392,244,350,237,310,222,433,161,386,120,347,120,314,137,449,165,388,113,342,118,308,141,462,177,405,124,359,124,324,136,470,194,433,149,399,126,368,111
8.81,0,189,514,303,442,272,390,243,349,237,309,222,432,161,385,120,347,121,313,137,449,164,388,111,343,117,310,141,463,176,406,123,360,124,326,137,471,194,434,150,400,128,369,113
8.86,0,190,516,302,444,270,393,242,351,235,310,220,438,159,389,120,349,120,315,134,455,165,388,110,342,116,310,139,466,178,404,125,357,127,323,139,472,195,432,153,396,131,364,117
8.9,0,191,517,303,445,270,392,241,349,235,309,221,440,159,389,120,349,120,313,133,456,166,388,111,342,116,310,138,468,179,405,126,357,127,321,139,473,197,432,155,396,134,363,119
8.95,0,192,517,303,445,270,392,241,350,235,310,220,440,158,388,121,347,120,311,133,456,165,388,111,342,115,308,137,466,178,405,124,357,124,322,137,470,196,430,153,395,132,362,119
8.99,0,193,517,304,445,270,392,241,350,235,310,220,441,158,388,121,347,120,310,133,456,164,388,111,342,115,308,137,467,177,405,124,357,124,322,136,470,196,430,153,394,133,361,120
9.04,0,194,516,306,445,272,389,240,345,235,307,221,445,157,391,120,349,117,309,126,461,163,386,111,340,113,305,133,470,177,404,124,354,121,316,131,471,196,427,155,390,134,356,120
9.09,0,195,518,308,446,272,389,240,344,235,307,221,448,157,390,123,348,119,307,129,463,163,384,113,338,115,304,136,472,177,403,123,354,120,317,132,472,196,428,156,391,134,357,119
9.13,0,196,515,305,443,270,389,240,345,236,307,222,443,157,387,118,345,115,307,125,459,162,385,109,338,111,305,129,469,176,401,123,352,121,315,131,470,195,426,155,389,134,356,119
9.18,0,197,515,305,441,270,388,241,345,236,305,221,438,160,386,121,344,115,307,123,455,166,386,113,339,110,302,125,466,179,403,126,354,120,316,126,468,198,428,156,392,134,358,118
9.23,0,198,514,304,441,270,389,242,346,236,306,221,438,159,388,120,347,114,310,122,453,167,387,112,340,111,303,127,464,180,403,128,354,123,315,129,467,198,425,157,389,135,356,121
9.27,0,199,511,304,440,270,387,241,345,236,305,223,438,158,385,120,343,114,306,123,454,165,383,113,336,112,299,127,464,180,399,128,349,124,311,130,466,200,424,159,389,136,357,119
9.32,0,200,512,302,438,270,387,243,345,237,305,222,434,160,384,121,343,114,306,123,451,166,385,114,337,112,299,126,462,180,401,128,352,123,313,128,466,199,426,156,391,132,359,115
9.37,0,201,510,303,438,269,386,240,343,235,303,222,438,157,383,121,340,115,302,123,452,165,381,116,332,113,294,125,461,180,396,130,346,125,307,128,462,200,420,159,385,135,354,116
9.43,0,202,511,303,438,267,385,239,342,234,301,219,439,156,380,120,337,116,298,125,454,166,379,116,331,113,292,125,462,182,395,130,347,124,310,129,462,202,420,161,384,137,351,119
9.47,0,203,511,302,438,267,385,239,341,234,301,220,438,156,380,120,337,116,298,125,453,166,378,116,330,113,291,126,462,182,394,130,347,124,310,130,461,202,420,161,385,137,352,118
9.52,0,204,510,301,438,266,385,239,341,234,301,220,439,156,379,121,337,116,298,125,454,166,378,115,330,113,292,126,462,182,394,130,347,125,310,130,462,202,420,162,385,137,353,119
9.57,0,205,512,303,440,266,386,237,342,233,302,218,443,154,381,121,338,117,298,126,457,164,378,115,330,113,293,126,464,180,393,128,345,123,308,130,462,200,417,161,381,137,347,120
9.61,0,206,513,303,439,265,386,236,342,232,303,217,443,155,380,119,337,117,298,128,457,165,377,114,330,114,294,129,464,181,392,129,344,127,308,135,462,201,414,161,376,140,341,126
9.66,0,207,512,303,439,265,386,236,342,231,302,216,443,155,380,119,337,117,299,128,457,166,379,114,331,114,295,128,464,182,394,129,346,126,310,134,463,202,416,161,377,141,342,127
9.71,0,208,511,302,438,264,385,234,340,231,301,217,444,153,379,117,335,115,297,125,458,164,377,113,329,113,293,127,465,182,391,128,343,126,306,133,462,203,413,164,374,143,339,129
9.76,0,209,510,303,438,265,385,237,340,233,300,219,441,155,377,121,334,117,297,127,457,163,377,114,329,113,292,126,464,180,391,128,344,124,307,129,462,202,416,163,379,140,345,121
9.8,0,210,510,303,438,265,385,236,340,233,300,218,443,153,378,120,335,117,297,126,458,162,377,114,329,113,292,127,465,179,391,128,344,125,306,130,463,201,416,162,379,140,345,122
9.85,0,211,511,304,438,266,384,236,339,233,300,218,443,153,380,117,336,113,297,123,458,162,377,113,328,111,292,125,465,179,392,127,343,125,305,131,463,201,415,161,377,139,343,122
9.9,0,212,511,304,439,266,384,236,339,233,300,219,443,153,380,116,336,113,297,123,458,162,376,111,328,110,293,125,465,179,391,126,342,123,305,130,463,200,414,160,376,139,341,123
9.95,0,213,511,305,439,266,385,236,339,233,300,219,444,154,379,118,335,114,296,123,459,164,377,112,329,111,292,124,466,182,392,126,343,123,306,129,464,204,416,162,379,139,345,120
9.99,0,214,509,305,436,266,382,237,337,233,298,218,441,155,380,118,337,114,296,124,456,165,378,113,331,111,294,127,465,181,396,126,349,120,314,126,465,202,425,158,392,131,361,109
10.04,0,215,503,299,430,263,374,230,329,225,293,211,440,147,381,107,334,108,291,123,453,157,373,99,324,106,289,130,459,173,392,115,340,116,303,132,455,192,412,148,374,127,342,118
10.09,0,216,495,299,426,264,369,231,323,224,288,212,438,146,384,98,338,100,296,118,449,153,371,91,322,101,292,129,454,168,390,106,341,106,308,125,452,187,412,142,375,123,343,116
10.13,0,217,499,301,427,264,368,231,321,223,287,211,440,147,381,102,335,105,291,123,452,154,371,90,324,100,294,130,457,169,394,106,344,105,309,123,454,189,413,144,375,124,342,117
10.18,0,218,482,299,416,265,362,231,318,222,284,210,407,150,375,92,337,95,306,114,421,151,379,77,334,86,306,114,433,161,399,92,353,94,322,111,440,177,419,127,387,106,357,97
10.23,0,219,485,302,418,268,366,233,324,224,288,212,405,154,371,96,335,100,305,118,421,157,381,80,337,88,308,116,434,166,401,94,356,93,324,108,445,180,422,127,392,106,364,95
10.27,0,220,474,297,407,262,356,231,317,225,283,210,401,149,385,84,348,82,320,100,417,153,398,64,352,70,327,101,428,160,416,81,366,79,335,98,436,173,420,119,382,103,351,102
10.32,0,221,479,299,407,262,358,232,318,226,284,209,400,154,384,88,349,85,320,98,417,157,401,70,353,74,325,102,429,165,420,87,370,83,338,100,439,179,425,124,390,106,361,104
10.37,0,222,472,298,402,263,352,233,313,227,279,208,399,149,397,79,358,73,328,87,413,153,403,64,353,66,327,91,422,162,413,82,360,79,328,97,426,176,407,120,367,106,338,110
10.42,0,223,467,296,397,262,348,232,310,226,278,205,390,150,377,82,340,80,313,97,406,152,391,64,343,70,319,98,417,160,404,81,354,80,325,100,424,175,404,119,366,106,337,109
10.46,0,224,467,295,398,262,347,232,308,225,278,207,391,149,379,79,342,79,312,98,407,152,390,63,343,70,318,100,418,160,405,81,354,81,325,102,426,174,406,121,367,109,338,112
10.5,0,225,466,297,400,263,345,230,303,221,274,204,400,147,378,84,337,84,301,100,411,151,376,70,329,78,302,107,416,161,389,86,339,87,309,108,416,173,389,123,350,111,319,114
10.55,0,226,466,296,399,265,345,231,303,221,275,206,397,149,371,86,332,87,298,103,409,152,371,70,326,79,300,110,417,160,388,85,340,87,309,109,421,171,395,121,357,108,327,110
10.6,0,227,459,294,396,261,344,225,303,214,272,198,402,144,371,85,333,83,300,96,412,147,369,72,325,77,297,103,417,155,381,86,335,85,304,104,416,167,384,121,349,106,320,106
10.64,0,228,455,291,392,257,341,221,300,209,270,193,411,142,373,84,332,85,299,100,421,145,365,71,318,80,292,106,422,156,375,87,326,89,296,107,413,170,375,121,339,109,310,109
10.69,0,229,445,289,383,254,337,218,296,202,265,187,405,142,360,81,320,89,293,108,417,143,354,72,311,86,289,114,416,154,364,83,321,91,297,112,404,169,373,117,346,97,324,89
10.76,0,230,436,289,378,255,331,220,289,201,258,185,394,141,341,85,304,92,279,110,405,140,338,83,299,94,278,116,406,149,348,89,309,95,286,114,397,163,362,116,335,100,315,97
10.8,0,231,433,288,375,254,328,219,288,202,258,186,392,142,344,88,307,93,280,108,405,141,341,81,300,91,277,113,407,150,351,89,310,93,285,110,400,163,368,118,341,99,319,92
10.85,0,232,418,290,369,264,321,229,277,206,244,186,380,148,326,89,285,94,257,113,387,144,324,89,283,101,261,123,387,147,333,94,293,102,269,121,380,154,342,110,311,106,288,114
10.9,0,233,414,287,367,264,318,229,275,207,244,188,376,147,323,89,283,95,257,115,385,143,324,86,283,99,260,123,386,146,333,92,294,103,271,123,381,153,344,112,314,109,292,118
10.94,0,234,399,293,352,269,302,235,258,212,229,192,364,155,306,101,263,104,231,121,368,150,303,99,261,109,236,132,366,153,311,105,270,112,244,131,358,160,317,118,283,113,258,121
10.99,0,235,382,298,332,275,283,241,242,219,212,200,344,161,287,108,245,114,216,133,349,158,284,107,242,121,219,145,349,162,293,112,251,122,227,143,342,171,301,126,267,120,243,129
11.04,0,236,376,304,317,273,270,240,230,223,200,210,330,162,278,118,239,119,207,130,341,163,272,116,232,123,205,142,344,172,282,123,240,126,210,140,338,188,297,146,270,129,248,122
11.08,0,237,373,302,313,272,266,237,227,221,196,208,329,163,280,118,241,118,211,129,341,162,274,112,233,120,207,140,344,170,283,119,240,122,211,137,338,183,297,141,267,126,244,121
11.13,0,238,367,306,308,277,262,244,223,231,196,224,319,168,276,124,239,119,205,126,329,169,268,118,227,119,198,135,332,178,279,125,237,121,205,132,326,192,291,150,263,130,239,118
11.18,0,239,358,307,300,281,255,250,217,241,186,237,295,175,268,128,236,116,206,116,306,174,268,119,229,112,198,123,314,179,281,124,240,115,207,121,318,190,293,148,267,127,242,116
11.22,0,240,355,307,300,284,254,252,216,243,185,234,294,175,266,128,235,115,205,116,306,174,268,120,230,112,197,122,315,180,281,124,241,113,208,118,319,190,292,146,265,125,240,114
11.27,0,241,352,308,296,286,251,255,213,246,182,236,284,180,258,133,232,117,204,113,296,178,263,125,228,112,196,117,308,183,278,128,242,114,210,114,316,192,294,149,270,126,247,112
11.32,0,242,351,309,298,287,250,255,212,245,181,236,285,178,258,132,230,117,202,114,298,178,263,125,228,112,196,117,309,183,276,128,240,115,208,115,317,193,293,149,270,125,247,109
11.36,0,243,351,309,297,290,253,258,219,244,194,230,285,181,258,134,229,121,201,119,297,179,262,124,224,114,192,121,307,184,274,128,236,116,205,119,314,193,287,150,260,128,236,118
11.41,0,244,350,311,298,293,258,257,231,238,212,221,280,186,256,140,230,124,204,120,292,183,263,130,228,116,196,119,303,186,277,131,243,115,212,115,313,194,290,152,266,129,242,116
11.46,0,245,349,311,296,294,261,258,237,240,224,221,279,184,257,140,231,124,204,120,290,181,262,130,228,115,196,117,302,184,274,131,240,115,209,113,312,191,290,149,266,127,243,115
11.5,0,246,349,311,295,293,260,258,236,240,222,221,279,183,256,139,228,123,201,121,290,180,260,129,226,115,194,118,302,183,273,130,238,115,207,114,312,190,288,148,263,127,239,116
11.55,0,247,350,312,297,295,262,258,237,239,223,221,283,185,259,139,231,124,205,121,295,181,264,130,229,116,196,119,305,184,276,131,241,117,210,118,314,191,289,149,264,129,240,119
11.6,0,248,351,311,297,291,259,256,233,237,218,216,283,185,258,141,230,127,203,123,294,181,262,132,227,118,194,121,306,183,274,132,238,119,206,121,315,190,290,149,264,128,239,118
11.64,0,249,351,311,296,291,258,256,233,237,216,215,284,185,259,141,231,127,204,124,295,181,263,132,227,118,194,121,306,184,275,132,239,119,206,120,315,191,289,150,265,129,240,118
11.69,0,250,354,309,299,287,255,254,224,239,202,219,293,180,263,138,233,127,204,127,306,177,265,129,227,121,195,129,316,182,277,131,237,124,205,130,321,192,290,151,261,133,235,124
11.76,0,251,360,310,303,284,259,253,224,241,199,223,305,180,270,139,236,129,205,130,315,179,263,132,224,127,193,137,323,186,275,136,234,129,202,137,325,197,293,158,265,137,239,124
11.82,0,252,360,309,302,284,258,252,223,240,200,223,303,179,267,138,235,128,204,128,314,178,263,131,225,126,194,135,322,184,275,135,235,129,204,137,325,196,293,157,267,136,243,123
11.86,0,253,360,309,303,284,258,253,224,241,200,223,302,179,267,139,235,129,204,129,314,178,263,132,224,126,194,136,322,184,275,135,235,129,203,136,324,196,293,157,266,136,242,123
11.91,0,254,371,311,312,284,268,254,231,242,202,228,322,175,274,137,238,132,205,136,332,176,263,134,223,133,192,143,336,187,275,140,233,136,200,142,332,203,297,166,270,144,244,128
11.96,0,255,371,310,312,283,266,252,229,240,200,228,320,174,271,135,235,130,205,135,332,175,265,131,225,129,196,140,337,187,277,139,235,135,202,140,333,205,296,169,269,148,246,131
12.0,0,256,381,311,318,284,273,253,235,240,204,227,330,173,276,141,237,135,203,138,341,175,268,134,225,132,193,141,345,187,281,142,237,136,202,140,339,207,298,173,269,153,242,138
12.05,0,257,392,309,328,284,279,255,240,247,209,235,329,172,283,137,246,129,212,129,341,173,274,133,233,126,202,132,347,185,286,142,242,133,209,134,345,204,302,171,271,151,243,136
12.1,0,258,388,309,328,286,278,256,238,249,204,241,318,175,277,135,242,123,210,122,329,175,270,133,230,123,198,125,339,186,284,140,243,128,209,125,344,202,310,165,283,141,258,121
12.14,0,259,389,311,330,288,281,257,242,248,208,240,318,181,282,142,252,127,222,120,329,181,277,138,240,124,208,122,340,190,288,144,252,129,220,122,345,204,312,166,287,141,263,121
12.19,0,260,386,306,328,285,277,254,237,247,201,241,314,175,279,133,246,121,215,121,325,176,276,127,236,119,203,126,335,185,288,135,248,124,214,124,341,201,311,162,285,138,260,119
12.24,0,261,385,305,322,282,274,251,236,244,202,237,309,175,275,133,243,123,211,125,322,175,278,125,238,119,203,131,333,182,293,130,253,121,219,126,340,196,310,154,282,131,255,118
12.29,0,262,382,305,319,280,271,249,232,242,198,234,310,173,275,133,244,122,212,125,323,173,276,124,237,119,202,131,333,181,292,128,252,120,218,126,338,194,307,152,279,130,252,116
12.36,0,263,376,305,317,282,268,250,229,242,196,234,305,175,275,130,244,119,214,120,318,174,277,121,238,116,205,129,330,180,293,126,254,117,221,124,338,192,309,151,282,129,256,114
12.41,0,264,376,305,317,281,267,249,228,241,195,235,307,172,276,127,243,118,213,122,321,172,277,118,238,116,207,131,333,179,292,124,252,118,220,127,339,192,309,150,281,129,255,115
12.45,0,265,370,307,312,281,264,249,225,241,194,235,303,175,276,127,244,116,213,119,317,174,282,115,242,109,209,124,328,179,298,120,257,111,223,118,336,191,309,149,280,129,253,118
12.5,0,266,364,307,307,282,258,248,219,239,188,235,298,174,272,127,240,118,210,121,311,173,277,116,238,112,206,128,323,177,293,119,253,112,220,123,331,187,306,144,277,124,251,115
12.56,0,267,358,310,298,283,251,250,215,239,186,228,293,174,265,128,234,121,205,127,307,172,267,118,227,118,197,136,319,176,282,120,238,119,206,134,324,185,295,140,266,122,240,115
12.61,0,268,357,310,299,284,252,250,215,239,185,228,293,174,267,129,236,121,207,125,307,172,269,119,229,117,198,133,318,176,284,120,241,117,209,128,325,186,297,141,268,122,242,115
12.66,0,269,349,310,293,285,248,251,212,239,186,222,294,175,268,129,237,122,209,126,306,173,269,118,230,118,201,135,314,177,279,121,237,120,206,134,316,186,287,141,257,125,232,120
12.7,0,270,349,310,291,284,247,250,212,238,186,221,294,175,269,130,237,123,209,126,307,172,269,118,228,118,199,133,316,176,280,120,235,119,204,132,317,186,287,140,256,125,230,122
12.75,0,271,343,311,288,287,243,252,208,240,184,222,293,177,268,129,236,121,209,126,305,175,268,118,226,118,197,134,312,179,279,120,236,117,205,131,312,189,284,142,256,126,232,123
12.8,0,272,340,310,282,285,237,252,202,241,180,223,293,177,267,129,233,121,203,123,305,175,265,118,222,116,192,131,311,180,275,121,231,117,200,130,308,190,280,142,250,127,225,125
12.84,0,273,341,311,283,285,238,252,203,240,179,222,295,179,269,131,237,122,208,123,307,176,268,119,227,116,197,131,312,181,277,121,233,117,202,129,309,190,278,142,248,128,223,126
12.89,0,274,340,310,285,286,240,253,205,241,178,225,284,177,261,131,231,121,205,122,296,174,263,118,225,114,196,127,305,177,273,121,231,116,200,127,307,186,280,139,250,123,225,120
12.94,0,275,342,308,285,285,240,254,204,243,177,227,282,176,258,130,229,120,202,122,295,173,264,116,225,112,196,127,304,177,276,117,234,111,204,122,306,186,279,141,250,123,224,118
12.99,0,276,341,307,284,284,240,253,205,243,179,227,283,173,260,126,231,116,206,115,297,171,267,111,229,107,200,121,306,175,277,114,235,109,204,119,307,185,281,138,251,122,225,118
13.03,0,277,340,306,285,284,241,254,206,243,179,226,281,173,258,126,230,116,203,117,295,171,265,113,227,109,197,122,304,174,276,115,235,109,204,119,307,184,281,138,252,121,227,117
13.08,0,278,343,306,287,285,242,256,207,247,180,232,281,174,261,126,233,115,208,114,295,172,272,111,235,104,205,116,304,175,281,114,240,105,209,114,306,184,280,138,250,121,224,115
13.12,0,279,342,306,287,284,241,256,206,247,179,232,282,175,262,126,234,114,209,114,296,172,272,110,235,104,206,116,304,176,280,114,240,106,209,115,306,185,280,138,250,121,224,117
13.17,0,280,345,307,289,285,244,257,209,249,180,236,285,175,265,126,238,114,213,113,298,173,274,110,238,102,210,114,306,176,282,114,242,106,212,114,307,186,281,140,252,123,226,118
13.22,0,281,347,306,291,285,245,257,211,249,184,237,282,174,263,126,236,115,212,114,295,172,272,111,237,103,209,115,304,175,281,114,242,106,212,115,307,184,282,139,254,121,229,115
13.27,0,282,346,305,290,284,244,256,209,248,183,235,282,173,264,124,236,114,212,115,295,171,272,108,237,103,210,117,304,174,280,113,241,106,212,116,306,184,281,139,252,121,227,115
13.32,0,283,351,305,294,283,249,255,214,247,187,234,289,174,264,128,234,120,209,123,301,172,266,115,229,112,202,128,309,176,276,119,235,114,206,125,311,186,283,141,253,124,227,119
13.36,0,284,350,304,293,282,247,254,212,246,185,233,286,174,262,129,233,121,208,123,299,172,265,116,228,114,201,131,308,175,276,119,236,116,206,128,310,185,283,142,254,125,228,120
13.41,0,285,353,306,296,284,250,256,214,248,185,233,287,175,262,130,233,122,208,126,301,173,266,116,229,115,202,132,310,177,278,119,237,115,207,129,313,187,285,144,256,126,230,119
13.45,0,286,352,305,297,284,250,256,214,247,186,234,288,176,263,130,234,122,209,125,301,173,266,116,229,115,201,132,310,177,278,119,237,116,207,129,312,187,285,144,257,126,232,119
13.5,0,287,353,305,296,285,249,257,213,249,184,237,282,177,257,131,230,122,206,124,295,174,265,117,229,113,203,129,306,177,278,120,238,114,209,126,312,186,286,143,258,125,233,119
13.55,0,288,354,306,298,286,251,259,215,252,187,238,286,177,260,131,232,122,207,125,298,174,264,118,227,115,200,131,307,177,275,120,234,116,204,130,310,186,283,141,253,124,227,120
13.59,0,289,351,306,296,286,250,259,213,252,184,240,279,181,254,135,227,124,203,124,291,178,262,121,227,116,198,129,303,180,276,122,238,115,208,125,310,188,286,145,260,126,235,119
13.64,0,290,353,305,297,287,249,259,211,252,180,241,276,179,244,139,213,127,184,127,288,176,246,131,209,123,177,130,300,179,261,132,221,122,189,128,309,187,281,147,253,129,227,123
13.7,0,291,355,306,298,287,250,259,212,252,181,241,284,180,246,141,213,131,182,132,295,177,244,137,206,129,174,134,306,181,258,138,218,129,185,132,312,190,279,153,251,134,224,125
13.75,0,292,354,305,297,286,249,259,211,252,180,241,282,179,244,141,211,131,180,132,294,176,243,136,205,127,173,134,305,181,256,138,217,128,184,133,312,191,279,153,251,134,224,125
13.8,0,293,354,305,297,286,249,259,211,252,181,240,283,179,244,141,211,131,180,133,295,176,243,136,205,127,173,134,306,181,257,138,217,128,184,132,312,191,278,154,250,135,224,126
13.84,0,294,364,308,304,281,258,252,220,243,187,232,309,175,257,146,222,138,190,137,320,174,252,144,211,137,177,140,324,183,261,147,219,138,184,137,320,198,276,165,246,147,217,135
13.89,0,295,368,310,307,283,260,251,220,242,185,232,314,171,255,147,217,143,185,144,324,171,248,143,206,140,172,147,329,181,260,148,215,140,178,142,324,199,273,167,240,150,211,139
13.96,0,296,368,309,307,283,260,252,220,243,187,236,314,174,260,145,223,137,191,136,325,174,254,140,213,133,179,138,328,184,264,145,220,135,184,135,321,201,274,167,243,147,215,133
14.0,0,297,368,309,307,282,259,252,220,244,187,236,313,174,260,145,223,137,190,136,324,174,255,140,213,133,179,138,328,184,265,145,220,135,184,135,322,201,275,166,243,147,216,134
14.04,0,298,367,307,304,282,256,252,218,244,185,235,304,177,255,145,219,136,188,135,317,175,253,138,212,130,180,135,325,183,266,142,222,133,188,134,323,199,281,164,251,145,225,132
14.09,0,299,367,307,303,282,256,252,219,244,185,235,302,176,255,144,219,135,188,134,316,176,252,138,211,131,178,135,323,183,266,142,223,133,188,134,323,197,283,164,254,145,228,134
14.14,0,300,364,306,303,283,256,251,217,243,185,234,304,174,257,139,222,131,190,133,315,174,251,134,210,129,178,138,322,182,264,138,222,132,188,137,321,197,283,160,256,140,231,128
14.18,0,301,365,307,303,282,256,252,220,242,190,229,302,177,266,140,232,134,203,139,315,176,260,131,219,132,190,148,322,182,272,134,230,133,199,146,322,195,286,155,257,138,231,131
14.23,0,302,363,306,305,281,257,249,219,240,192,226,312,174,275,135,241,129,210,134,322,174,267,124,228,127,199,145,327,181,278,130,236,130,206,143,323,194,287,154,258,137,233,130
14.28,0,303,364,307,304,280,258,248,220,238,192,226,310,176,275,135,241,128,210,132,322,176,270,125,229,125,199,140,327,183,280,131,238,128,207,138,324,196,291,155,263,136,240,126
14.33,0,304,365,306,306,281,258,249,220,239,193,226,314,175,279,132,242,126,210,132,324,174,271,121,229,123,200,141,329,181,284,126,240,124,209,139,325,193,292,150,261,135,234,132
14.37,0,305,366,308,306,281,258,249,220,239,194,224,313,176,282,132,248,126,215,130,324,176,278,120,236,120,207,137,330,182,290,126,246,122,214,136,327,193,295,149,263,134,236,131
14.42,0,306,365,307,306,281,258,249,220,239,195,225,313,176,283,133,248,125,216,129,323,176,278,120,237,119,208,136,329,182,290,126,246,121,215,135,326,192,295,149,263,133,236,130
14.47,0,307,365,309,305,283,258,251,222,241,196,225,309,178,280,132,248,125,218,127,321,176,281,120,238,119,208,136,328,181,291,124,246,120,215,133,326,192,295,147,264,132,238,129
14.52,0,308,360,305,304,283,257,253,221,244,198,229,306,177,281,124,247,121,221,130,317,176,281,111,239,116,215,139,323,180,291,119,246,119,219,137,323,191,296,145,265,129,240,126
14.56,0,309,363,310,307,285,262,254,227,242,201,228,312,178,289,124,256,117,229,122,325,178,292,111,250,110,222,130,331,184,301,119,256,116,225,129,329,195,301,147,270,132,244,129
14.61,0,310,362,307,305,283,259,252,224,242,202,226,309,175,288,121,254,116,228,124,320,175,290,107,246,110,220,132,325,180,297,117,252,115,223,131,324,191,298,144,266,129,241,127
14.66,0,311,366,311,310,285,263,255,227,243,203,226,314,178,293,124,260,114,232,118,327,178,298,111,256,108,227,125,333,185,306,120,260,114,229,126,331,196,302,149,270,134,243,132
14.71,0,312,363,308,308,283,261,253,225,242,204,224,312,176,292,123,258,116,230,122,323,175,295,109,252,108,225,127,328,181,302,118,257,113,226,127,326,192,301,146,268,131,242,130
14.75,0,313,368,312,313,287,268,255,232,243,206,228,313,179,289,126,256,124,230,135,326,178,292,115,250,119,224,141,333,184,303,123,258,122,228,138,334,196,308,150,278,133,253,129
14.79,0,314,372,312,316,286,270,255,233,243,209,225,315,179,286,131,252,131,224,143,328,178,288,120,246,127,219,151,336,184,300,126,257,128,227,146,338,195,310,152,281,135,257,129
14.84,0,315,375,311,317,284,271,254,235,243,212,225,320,179,287,136,252,133,222,141,332,177,285,123,244,128,217,149,339,183,298,128,255,128,224,144,339,194,307,152,277,138,251,134
14.9,0,316,379,312,319,285,273,254,237,243,213,224,320,180,288,138,255,133,224,138,332,178,287,125,246,127,217,146,340,183,298,130,254,129,222,142,341,195,308,153,277,137,250,133
14.95,0,317,377,311,319,284,272,254,236,244,210,227,320,180,288,138,254,133,224,139,332,178,286,125,245,128,216,147,339,184,297,131,253,130,222,144,340,194,308,153,277,137,251,132
15.0,0,318,379,313,321,286,274,255,237,244,212,226,322,182,289,140,254,135,223,140,334,180,287,127,246,129,217,147,341,185,300,132,257,130,225,143,342,197,310,156,280,140,254,134
15.04,0,319,381,313,320,285,273,255,236,244,210,227,321,181,288,140,254,135,222,140,334,179,286,127,244,129,215,148,341,184,299,131,254,131,223,146,342,195,308,153,277,138,251,135
15.09,0,320,378,312,320,285,273,255,235,245,210,229,322,181,287,139,253,135,222,142,334,179,284,127,244,130,216,149,341,185,297,132,253,132,223,147,341,196,307,156,276,140,250,135
15.14,0,321,379,312,320,286,274,256,237,244,210,228,322,181,287,140,253,136,222,142,334,179,285,128,245,130,216,148,341,185,298,132,255,131,224,145,342,196,309,156,278,140,252,135
15.19,0,322,375,310,317,283,272,255,235,245,208,228,321,180,286,139,251,135,220,142,333,178,283,127,241,130,212,147,338,184,293,133,249,132,218,145,336,197,303,157,274,140,249,133
15.23,0,323,366,305,311,282,266,254,230,243,203,229,314,179,275,137,241,133,214,137,326,176,274,126,235,127,210,140,331,183,282,133,241,131,213,142,328,195,292,156,263,141,240,136
15.28,0,324,352,299,297,280,252,253,216,241,191,229,297,178,257,132,224,128,198,132,309,175,258,123,222,123,200,136,314,180,267,129,229,127,204,138,311,191,276,151,248,137,226,135
15.33,0,325,342,288,296,284,246,256,202,239,167,226,287,179,236,130,199,122,171,124,296,169,242,117,202,116,175,127,297,168,249,124,212,124,184,131,290,172,251,138,225,133,205,135
15.37,0,326,339,287,293,280,244,256,203,239,170,227,287,181,239,133,203,124,174,124,296,171,244,120,204,117,178,128,297,170,250,125,215,122,189,128,291,174,254,138,227,130,206,130
15.42,0,327,324,281,282,277,233,252,190,234,154,222,273,176,223,126,186,117,156,119,283,164,227,115,187,112,158,123,282,163,233,118,197,118,169,128,274,166,234,132,208,128,188,132
15.46,0,328,323,281,280,278,233,254,190,236,155,224,274,180,225,128,187,118,159,120,283,168,230,116,190,112,162,123,283,166,235,121,199,117,172,124,276,168,237,133,210,126,187,126
15.51,0,329,310,276,267,273,220,248,178,231,142,218,261,171,210,121,170,116,142,122,271,160,215,111,173,111,146,124,272,160,221,115,182,118,156,130,264,164,223,131,195,130,176,137
15.56,0,330,288,278,241,266,198,242,158,226,123,213,239,163,191,116,152,114,126,119,252,156,195,107,154,108,129,118,255,161,205,115,167,118,143,129,250,172,213,139,186,137,168,143
15.65,0,331,280,252,244,252,197,234,156,220,126,208,239,162,198,122,157,111,127,111,244,160,197,120,153,112,123,116,242,168,192,136,151,130,121,133,234,185,187,175,153,174,128,177
15.65,1,331,286,276,239,259,196,236,155,224,118,213,239,160,191,118,155,112,127,114,250,154,190,105,150,107,124,116,251,160,196,109,156,108,129,117,241,173,199,133,169,123,148,124
15.68,0,332,285,273,239,259,194,236,153,222,116,212,237,160,187,116,151,111,124,113,249,153,189,104,150,105,124,115,251,158,196,110,157,109,131,118,243,169,202,132,174,125,153,127
15.77,0,333,289,271,244,261,198,238,155,222,117,211,241,163,188,114,150,108,122,110,252,156,192,103,152,102,125,112,253,159,199,111,162,108,136,116,247,167,205,132,177,124,156,125
15.81,0,334,288,270,245,261,198,238,155,222,118,211,240,163,188,115,150,108,122,110,250,155,192,103,153,101,126,112,252,157,199,110,162,108,137,116,246,163,204,129,176,123,156,125
15.86,0,335,302,270,257,262,208,238,166,222,129,211,246,161,195,113,156,107,129,113,255,154,199,104,159,102,132,113,256,156,205,111,168,107,142,115,252,162,211,127,183,119,162,119
15.9,0,336,302,268,259,263,211,240,167,223,130,211,246,165,193,116,155,108,126,110,255,155,199,105,158,102,131,112,256,154,205,111,169,107,141,113,251,158,210,126,183,118,160,117
15.95,0,337,322,264,281,262,230,239,185,223,150,210,268,155,212,107,170,102,140,108,271,148,213,104,172,104,144,115,267,150,217,113,181,112,154,120,261,152,221,122,192,117,169,120
16.0,0,338,347,268,305,262,253,239,208,224,175,215,292,155,241,106,201,98,169,104,296,150,242,102,200,101,170,114,295,153,248,109,211,109,184,120,290,156,253,121,225,115,202,119
16.04,0,339,381,273,335,259,283,235,240,221,206,207,325,157,282,106,250,99,221,108,329,154,284,104,250,99,224,111,330,159,291,112,258,105,233,111,327,164,295,126,270,114,249,114
16.1,0,340,416,275,372,262,319,236,274,223,245,203,361,159,316,107,280,103,250,112,364,156,316,107,281,103,254,116,365,161,325,116,291,110,263,117,362,167,330,130,303,121,281,121
16.15,0,341,417,270,376,260,328,237,283,221,251,201,366,157,316,108,279,102,251,110,370,153,319,105,281,102,255,116,369,156,326,115,293,110,268,118,365,160,331,128,305,120,284,121
16.2,0,342,448,276,401,263,354,237,313,220,285,201,398,159,357,105,320,99,289,109,404,155,359,102,321,98,293,112,404,158,365,110,330,103,303,110,399,162,368,124,343,113,321,113
16.24,0,343,449,273,405,261,358,235,315,218,286,200,401,159,355,106,318,100,289,108,406,155,359,102,320,98,292,111,406,158,365,109,331,103,305,111,403,162,370,125,343,114,322,113
16.29,0,344,478,275,430,261,380,234,340,217,313,197,427,157,388,102,353,98,324,108,434,153,393,98,355,94,328,108,437,157,401,105,366,98,339,105,436,162,406,121,380,109,359,108
16.34,0,345,481,273,431,259,383,233,342,217,314,197,429,160,388,106,353,99,324,106,437,155,395,99,356,95,328,108,440,158,403,106,368,99,342,106,439,164,409,123,383,111,361,110
16.39,0,346,519,279,464,259,415,234,378,221,354,201,458,159,424,108,391,104,362,112,469,154,430,99,391,99,364,116,477,158,442,104,403,100,375,110,481,165,453,120,426,106,403,104
16.44,0,347,553,279,496,261,443,237,402,224,374,203,489,161,449,105,413,99,381,109,499,157,460,97,419,94,388,111,506,161,472,106,435,100,407,107,510,167,481,126,454,113,432,109
16.48,0,348,550,277,498,260,444,236,402,222,376,203,487,159,447,103,409,99,378,110,498,156,456,94,415,94,386,112,506,158,469,104,434,101,408,111,511,164,480,123,454,112,432,112
16.53,0,349,571,283,517,264,464,235,422,221,394,200,508,158,473,101,437,94,407,103,523,154,488,93,446,89,414,105,535,156,502,100,462,93,433,101,545,163,516,118,487,102,463,98
16.57,0,350,570,280,518,260,465,233,423,220,395,200,509,157,474,101,438,94,407,103,523,154,487,92,445,89,415,106,534,157,500,100,464,94,438,104,544,163,513,119,485,105,463,103
16.62,0,351,585,280,533,263,483,233,443,217,414,194,520,152,490,96,457,89,428,97,535,149,505,88,464,84,433,99,552,151,523,91,484,84,454,92,570,159,547,113,519,94,495,88
16.67,0,352,585,278,532,261,481,230,442,215,414,194,520,152,491,97,457,90,429,98,537,149,507,86,466,83,436,99,554,151,523,92,485,86,457,95,571,159,545,112,516,95,493,91
16.71,0,353,597,275,533,254,486,225,449,214,419,191,524,145,496,98,463,89,434,94,543,140,509,82,466,81,431,100,562,141,531,83,486,80,451,93,580,151,550,105,517,91,488,89
16.76,0,354,596,276,532,255,485,227,447,215,418,190,524,145,497,96,465,88,436,96,542,141,510,82,468,81,434,101,561,143,531,83,487,79,453,92,580,152,552,107,519,91,491,88
16.81,0,355,573,287,521,267,471,237,431,221,402,200,508,156,480,101,447,96,419,106,522,152,492,92,452,90,423,107,537,153,510,95,469,89,439,100,552,159,528,113,498,98,473,98
16.85,0,356,565,286,509,267,460,238,422,225,395,203,493,158,465,108,435,104,409,113,508,154,477,98,439,97,410,115,522,155,493,99,454,95,424,108,536,162,508,118,477,105,452,105
16.9,0,357,562,285,507,266,458,238,422,225,398,203,492,159,466,110,435,104,409,113,506,156,476,99,438,98,410,116,521,157,492,99,454,96,426,110,536,162,509,116,479,103,455,105
16.95,0,358,554,284,500,266,452,238,415,226,389,207,482,162,457,116,429,110,403,117,496,158,467,106,431,104,402,121,510,158,482,105,445,102,417,116,524,163,497,121,467,109,443,111
16.99,0,359,550,283,497,265,450,238,415,225,392,204,480,162,455,117,427,111,402,119,494,158,464,106,429,104,401,120,508,158,481,105,444,101,417,114,523,163,496,120,468,108,444,109
17.04,0,360,533,281,481,264,433,239,397,227,373,210,464,166,437,118,408,114,383,123,477,162,446,110,412,109,387,125,489,163,460,112,425,108,400,120,500,169,475,129,449,117,428,117
17.09,0,361,520,276,469,260,422,237,388,227,363,211,451,167,425,123,398,118,375,126,463,163,432,113,398,112,373,128,474,164,445,115,410,113,386,125,485,169,458,130,432,119,411,120
17.17,0,362,504,274,455,259,410,238,376,227,354,211,437,169,411,126,385,122,362,130,449,165,419,116,386,115,362,131,460,165,431,118,399,115,376,127,469,170,444,132,419,121,399,122
17.23,0,363,503,273,456,260,411,238,378,229,355,212,436,170,410,127,383,122,360,130,448,166,419,117,387,116,363,131,459,165,432,117,400,114,377,125,470,169,445,131,420,120,400,122
17.28,0,364,503,273,456,260,411,239,378,229,355,211,436,170,410,127,383,123,360,130,448,166,419,117,387,116,363,131,459,165,432,117,400,113,377,124,470,169,446,131,420,120,400,121
17.32,0,365,478,271,431,256,389,237,358,227,336,212,413,170,386,131,362,128,341,137,422,166,391,123,361,122,340,136,431,166,403,124,372,122,350,134,439,171,413,137,390,129,372,132
17.37,0,366,467,266,422,254,381,235,351,227,330,213,402,171,378,137,356,133,336,137,411,167,382,127,353,127,331,141,420,167,391,127,360,126,339,139,426,171,401,139,376,131,357,134
17.42,0,367,465,265,422,255,381,236,351,228,329,213,400,173,377,138,354,134,334,140,409,169,382,128,354,127,333,141,418,168,392,126,362,125,341,137,427,171,402,138,378,129,358,132
17.46,0,368,457,262,413,252,375,234,346,227,326,212,394,171,371,139,348,135,328,140,403,167,374,129,345,129,325,142,412,168,383,128,353,128,333,139,420,171,394,140,371,132,352,134
17.51,0,369,457,263,414,252,376,235,347,228,325,213,398,172,373,139,349,136,329,142,406,168,376,129,346,130,326,143,413,168,384,127,353,128,332,140,419,172,393,138,367,132,347,136
17.56,0,370,449,260,407,252,369,235,340,228,321,215,390,172,365,140,343,138,324,144,398,168,368,131,340,132,321,146,406,168,376,131,347,131,327,143,410,172,384,141,360,135,343,139
17.61,0,371,440,261,400,251,363,236,335,230,315,216,382,175,359,145,337,142,318,147,389,171,361,136,334,136,315,149,396,171,369,135,341,134,321,146,401,174,377,146,354,139,336,142
17.67,0,372,432,259,393,252,357,237,330,231,310,218,374,176,351,147,330,145,312,149,382,172,353,138,327,139,308,151,390,172,361,137,333,137,314,148,395,176,370,147,348,141,331,144
17.71,0,373,429,259,388,250,353,235,326,231,306,217,373,176,350,147,327,144,308,149,381,172,351,138,323,139,304,151,388,172,359,137,330,138,310,149,393,177,368,149,345,142,326,144
17.75,0,374,429,259,389,251,354,235,326,230,306,217,375,176,351,148,328,145,308,150,383,172,353,138,324,139,305,151,390,172,359,138,330,138,309,148,393,178,367,149,343,143,324,145
17.8,0,375,426,257,385,250,350,234,323,229,303,215,372,174,348,147,325,144,307,150,380,170,348,137,320,138,302,150,387,171,355,137,326,138,306,148,390,177,363,149,339,143,321,145
17.85,0,376,427,258,386,250,351,234,324,228,303,215,373,175,348,148,325,145,306,150,381,171,349,138,321,139,302,152,387,172,356,137,326,138,306,149,390,177,363,149,339,143,320,146
17.9,0,377,425,257,383,249,348,233,321,228,301,215,368,175,345,147,323,145,305,149,376,170,346,138,318,138,300,152,383,171,353,136,324,138,305,150,387,175,361,148,337,142,319,145
17.94,0,378,425,258,383,249,348,233,321,228,301,214,372,175,347,147,324,145,305,150,379,171,347,138,318,139,300,152,384,171,353,137,323,139,304,150,387,176,360,148,336,142,317,145
17.99,0,379,416,258,377,248,343,233,316,228,296,216,364,174,340,147,318,144,299,149,372,170,339,138,312,139,294,151,378,171,346,138,318,139,300,149,380,178,355,151,333,144,316,145
18.04,0,380,410,257,372,248,337,233,310,228,290,215,357,174,334,146,312,143,294,148,365,171,335,138,309,138,290,150,372,172,342,138,315,137,296,147,376,177,352,150,331,141,313,142
18.08,0,381,410,257,372,249,337,233,310,227,290,214,359,175,335,146,312,143,293,149,367,171,336,138,309,138,290,150,373,172,343,137,314,137,295,146,376,177,351,148,329,141,312,142
18.13,0,382,402,254,364,248,329,232,302,227,281,214,346,173,323,143,302,141,284,148,354,169,326,136,300,136,281,147,361,169,334,135,306,134,287,144,367,173,343,145,322,139,305,141
18.18,0,383,402,256,365,249,329,232,302,226,282,214,347,174,324,144,302,141,284,147,355,171,327,137,300,136,281,148,362,171,335,136,307,135,287,144,367,174,344,145,322,138,304,141
18.22,0,384,395,251,358,246,321,232,293,225,273,214,340,172,313,141,291,138,273,144,348,167,316,134,290,133,271,143,354,168,323,134,296,132,278,140,358,172,332,145,311,137,294,138
18.27,0,385,395,252,357,246,321,231,293,226,273,213,341,171,315,140,292,138,274,145,348,167,316,134,289,133,271,145,354,168,323,134,294,133,275,142,357,172,330,144,308,137,290,139
18.32,0,386,382,251,340,243,305,226,277,220,255,208,332,163,303,138,278,136,258,142,339,159,301,129,271,131,251,143,344,161,306,128,274,130,252,142,343,168,311,141,286,135,268,137
18.37,0,387,383,250,339,241,303,224,275,220,253,208,329,164,302,136,276,135,257,140,337,159,300,127,269,130,252,142,342,160,305,127,273,129,254,140,341,167,310,138,285,133,266,136
18.41,0,388,383,250,339,241,304,225,276,220,253,207,330,164,302,136,277,135,257,140,338,159,300,126,269,130,252,143,342,160,305,126,273,130,253,142,342,167,310,138,285,133,266,137
18.46,0,389,385,250,341,241,306,225,278,220,256,207,332,164,304,134,279,134,259,140,340,159,302,125,272,129,254,142,345,160,307,126,275,129,256,141,344,167,313,138,287,133,269,137
18.5,0,390,385,250,340,241,305,225,277,220,255,207,331,164,304,135,279,134,259,139,339,159,302,126,272,128,254,141,344,160,307,126,275,128,255,140,343,166,312,137,286,132,268,136
18.55,0,391,385,252,345,243,308,227,279,222,257,209,328,167,303,137,280,134,261,138,336,162,304,128,277,128,258,139,343,162,312,127,282,126,262,136,347,166,320,137,296,130,278,131
18.6,0,392,385,251,345,243,309,227,280,223,258,210,327,167,302,136,279,133,260,138,334,163,303,128,275,128,256,139,341,163,311,127,282,126,262,136,346,166,320,137,297,129,279,131
18.64,0,393,387,253,348,246,312,231,283,229,261,220,325,167,302,135,280,127,262,129,333,163,306,126,280,121,260,131,341,163,316,125,290,120,268,125,349,167,329,137,310,123,292,118
18.71,0,394,387,253,347,247,311,232,284,231,262,223,325,165,304,129,282,122,264,125,333,162,310,120,282,116,262,128,342,162,320,120,291,116,270,124,348,167,328,135,306,123,288,119
18.75,0,395,388,254,348,247,312,233,284,231,261,223,326,166,306,129,283,122,264,125,335,162,311,118,283,115,263,127,343,162,321,119,291,116,270,124,349,167,329,135,306,123,288,122
18.8,0,396,388,254,347,246,310,232,282,230,260,221,324,164,305,128,284,121,266,124,333,160,311,116,284,113,265,126,342,161,321,117,293,114,272,122,349,166,331,133,309,120,290,117
18.85,0,397,389,255,347,246,310,232,282,230,260,220,325,164,306,128,285,121,266,124,334,160,312,116,284,113,265,126,343,161,321,117,292,114,271,123,349,166,330,133,307,121,288,119
18.9,0,398,388,254,346,247,309,232,281,231,260,220,323,163,305,126,283,120,265,124,331,160,311,114,284,112,265,127,340,161,321,116,292,112,272,122,348,166,330,133,309,121,290,119
18.94,0,399,389,254,347,247,309,232,281,231,260,221,324,164,306,127,284,120,266,124,333,160,312,114,285,112,266,127,341,161,322,115,292,113,271,123,347,165,330,132,307,121,289,120
18.99,0,400,385,256,343,247,306,233,278,230,258,217,321,164,306,127,284,121,266,126,330,160,313,112,285,112,267,128,339,160,323,114,293,113,273,124,346,166,331,133,308,122,289,121
19.04,0,401,384,260,342,251,304,233,275,229,255,215,321,166,304,129,282,124,264,130,330,163,310,117,282,117,263,132,340,164,321,118,292,117,272,128,350,169,333,136,310,124,291,123
19.08,0,402,384,261,342,250,303,233,275,229,256,215,323,166,305,127,283,123,265,129,333,163,311,116,282,116,264,132,342,164,321,118,291,117,271,129,350,170,331,136,308,125,290,123
19.13,0,403,388,266,344,253,306,234,277,227,257,213,326,172,302,137,280,134,260,142,335,168,307,128,279,129,260,144,344,168,317,127,288,127,268,140,352,172,330,139,307,129,287,128
19.17,0,404,387,265,344,253,306,235,277,229,257,214,324,172,301,136,278,134,260,141,333,168,305,127,278,128,259,143,342,169,316,127,288,127,269,140,351,173,330,140,308,129,289,128
19.22,0,405,390,270,346,256,307,236,277,229,256,213,331,176,302,146,277,144,255,149,340,172,303,138,274,139,254,152,348,173,313,137,283,137,262,147,354,177,326,147,302,137,281,136
19.27,0,406,388,267,344,255,306,236,276,229,255,214,328,175,300,144,275,143,255,149,338,171,301,137,273,139,253,153,346,172,312,136,281,138,261,150,353,177,326,148,301,139,282,140
19.31,0,407,383,270,338,256,300,237,269,231,246,216,328,174,295,147,268,145,245,151,337,171,294,141,264,142,242,153,344,173,304,141,272,141,248,151,349,180,318,154,294,144,273,141
19.36,0,408,384,271,338,255,298,235,267,229,244,216,329,172,294,147,266,145,241,151,338,169,290,141,259,143,237,154,344,172,301,143,266,143,241,152,347,181,314,156,287,147,265,145
19.4,0,409,385,272,338,256,298,235,267,229,244,216,331,171,296,147,267,145,242,150,339,169,291,141,260,142,238,153,345,172,300,143,266,143,241,152,347,181,313,157,286,147,263,145
19.45,0,410,386,274,339,257,298,235,266,227,241,214,333,171,293,149,264,146,239,150,341,168,289,144,258,144,235,153,348,172,299,146,264,144,238,151,349,181,313,158,287,148,264,144
19.5,0,411,387,275,339,257,298,235,265,227,240,214,333,171,292,148,263,146,239,151,342,168,289,144,258,144,235,154,348,173,300,146,266,144,240,151,350,183,315,160,289,149,266,144
19.54,0,412,390,277,341,256,299,233,265,224,235,213,337,168,291,151,260,148,234,150,347,166,287,146,254,146,228,153,352,171,296,149,260,148,232,152,351,182,309,161,281,152,256,146
19.59,0,413,390,277,341,256,298,233,264,225,236,213,337,167,289,149,258,147,232,150,347,165,286,145,252,145,226,153,352,171,295,149,258,148,230,152,350,183,308,162,280,152,256,145
19.64,0,414,387,276,338,259,296,237,262,229,235,216,329,170,290,143,261,140,237,143,339,168,290,139,258,137,234,145,347,172,300,143,266,139,240,144,350,183,314,157,288,145,266,139
19.7,0,415,388,279,338,260,296,237,262,230,232,219,323,176,288,150,262,142,236,141,335,173,292,146,261,138,234,140,345,176,304,147,272,138,244,137,352,184,321,157,297,142,273,133
19.75,0,416,387,279,338,262,295,237,260,228,231,217,323,174,287,150,259,143,232,143,334,171,290,145,258,137,230,140,343,174,302,145,269,136,240,135,350,182,319,155,294,140,270,130
19.79,0,417,390,279,343,264,297,233,261,222,231,217,323,173,285,152,257,144,230,141,334,169,288,147,256,138,225,136,344,172,300,147,268,136,237,129,351,181,315,154,290,138,265,126
19.84,0,418,390,280,343,264,297,234,261,223,231,217,323,174,285,153,258,144,231,141,333,170,288,147,257,138,226,136,344,174,301,147,268,136,237,130,351,182,316,155,290,139,266,126
19.89,0,419,388,281,341,264,296,233,260,222,228,219,322,173,284,153,255,143,229,137,333,169,287,148,255,137,225,132,344,173,299,148,266,136,235,127,351,182,315,155,289,139,265,125
19.94,0,420,388,279,343,264,296,233,261,222,230,219,321,173,283,153,255,144,229,137,332,168,287,147,256,136,226,131,344,172,299,148,267,135,236,127,352,181,315,155,289,139,265,126
19.98,0,421,386,279,340,264,292,234,255,223,222,220,324,171,284,150,254,138,228,129,335,166,286,145,254,133,223,125,345,170,296,147,262,135,230,126,349,179,309,155,282,141,257,128
20.03,0,422,383,277,339,263,292,233,256,222,225,219,322,169,281,148,251,137,226,127,333,165,283,143,250,130,220,123,344,168,293,145,258,134,226,124,348,178,305,155,278,141,253,130
20.08,0,423,384,275,341,262,294,234,257,224,225,220,322,169,280,149,251,138,226,128,334,164,283,143,250,131,219,123,345,168,293,146,259,135,227,124,350,179,308,156,281,142,256,130
20.13,0,424,383,277,340,262,293,233,257,223,225,218,322,169,282,149,252,137,227,128,333,165,283,143,250,131,221,123,343,169,293,145,258,134,227,125,348,178,307,155,281,141,257,129
20.17,0,425,383,277,339,262,293,233,257,223,225,218,323,169,281,148,252,137,227,127,334,165,283,142,250,130,220,123,343,169,292,145,257,134,227,125,348,179,307,156,280,141,256,129
20.22,0,426,383,278,334,259,292,234,258,226,227,217,326,170,285,146,255,136,228,130,336,168,284,142,251,132,224,128,344,173,295,146,261,135,232,128,348,185,315,161,291,146,269,132
20.27,0,427,383,279,334,260,293,233,258,225,227,217,327,170,286,146,255,136,228,130,336,168,284,142,251,132,224,128,344,173,294,146,260,135,232,128,347,185,314,161,290,146,269,132
20.31,0,428,383,278,335,260,294,234,261,224,233,214,326,171,291,141,261,133,234,131,335,168,290,136,258,128,230,130,344,173,302,138,268,129,239,128,348,183,319,154,295,138,272,128
20.37,0,429,385,278,335,259,294,233,261,224,233,214,322,173,291,142,264,133,238,131,332,170,293,136,262,128,235,131,342,173,306,136,274,127,246,126,350,182,324,151,301,133,280,121
20.42,0,430,383,278,335,260,294,233,261,223,234,213,322,173,291,141,264,132,238,131,332,170,293,135,262,127,234,130,342,173,306,136,274,126,245,126,350,182,323,150,300,133,278,121
20.47,0,431,384,276,336,260,295,235,262,227,234,214,320,174,291,141,265,132,240,131,330,171,294,134,264,127,237,132,341,173,308,134,276,125,248,126,350,181,326,149,304,131,282,119
20.51,0,432,383,276,336,260,295,235,262,226,234,214,319,173,291,141,265,131,240,131,330,171,294,134,264,127,237,132,341,173,307,134,276,124,248,126,350,180,326,148,304,130,282,119
20.56,0,433,383,277,337,262,295,237,263,229,236,217,321,174,295,138,270,128,246,130,331,171,299,130,268,124,242,132,342,174,311,131,279,124,252,128,350,181,328,146,304,129,283,120
20.61,0,434,384,277,337,261,296,237,263,229,236,217,321,174,294,138,269,129,245,130,332,171,299,131,268,124,242,133,342,174,312,131,279,124,253,128,351,181,329,147,306,129,285,120
20.65,0,435,386,277,339,263,297,238,266,230,240,217,324,172,300,135,276,127,253,128,334,169,305,125,274,120,249,132,344,172,317,126,284,121,258,128,352,179,330,143,307,126,285,118
20.71,0,436,386,278,340,263,300,239,268,232,244,218,326,172,304,133,279,126,256,129,337,169,310,122,277,120,253,133,346,172,320,124,286,121,261,130,354,179,332,143,308,126,287,119
20.75,0,437,387,279,340,263,299,239,268,232,245,218,326,172,304,133,279,126,256,129,336,169,309,122,277,119,253,131,346,171,321,124,287,119,261,129,354,179,333,143,308,126,287,120
20.79,0,438,386,277,341,262,300,240,269,233,248,218,326,170,309,129,284,123,263,128,337,167,317,115,285,114,262,129,346,168,328,117,294,114,270,126,354,174,338,137,312,124,290,122
20.84,0,439,387,277,341,262,300,239,269,232,248,217,325,171,308,130,284,124,262,127,336,168,319,116,287,113,264,126,346,169,331,118,297,113,272,123,355,176,338,139,312,126,289,124
20.89,0,440,388,275,342,262,301,240,270,234,253,217,327,168,311,125,285,119,265,125,338,165,321,110,288,109,266,125,349,167,333,114,298,111,273,123,358,174,342,135,316,122,294,121
20.93,0,441,388,277,342,262,301,241,270,234,253,216,326,170,311,126,286,120,265,126,338,167,322,112,288,110,265,127,349,169,334,115,299,111,274,123,359,176,342,137,315,124,293,122
20.98,0,442,387,275,341,263,300,244,270,237,257,219,323,171,308,127,283,121,262,126,335,167,320,111,286,110,263,127,347,168,334,115,299,111,274,124,358,176,344,139,319,125,297,123
21.04,0,443,387,275,341,265,300,246,270,239,264,219,322,173,306,130,281,123,260,126,333,169,316,114,283,113,259,130,345,170,329,117,295,113,270,125,355,177,340,140,315,126,293,124
21.09,0,444,387,276,342,265,300,246,271,238,263,220,322,173,306,129,280,122,260,127,333,169,317,113,283,112,260,129,345,171,330,116,296,113,271,126,357,178,340,141,314,127,292,125
21.14,0,445,386,275,340,265,299,246,270,238,263,220,321,172,306,129,281,122,260,126,333,169,316,113,282,112,259,129,343,170,328,116,293,113,269,125,353,177,337,140,311,127,289,125
21.18,0,446,385,275,341,265,300,246,271,239,262,222,321,173,305,129,279,122,259,127,332,169,315,113,282,111,259,128,343,170,328,116,293,113,270,125,353,177,338,140,312,127,290,125
21.23,0,447,385,275,339,264,298,246,268,239,257,221,321,172,305,128,280,122,259,126,332,168,315,112,280,112,258,130,343,169,327,116,292,113,268,127,353,177,337,140,310,128,288,126
21.28,0,448,385,275,339,264,298,245,268,239,257,220,320,171,305,127,278,121,258,126,332,168,315,112,280,111,258,129,344,170,328,116,292,113,268,126,354,178,337,141,310,128,288,126
21.33,0,449,387,274,342,262,298,243,266,238,250,222,322,173,302,128,275,125,253,133,333,170,310,114,275,116,254,136,344,172,323,119,288,119,264,133,355,180,335,143,308,131,285,129
21.37,0,450,389,272,340,259,297,241,267,236,250,221,320,171,299,131,273,127,252,133,332,168,305,116,273,119,251,137,343,170,317,121,283,122,259,136,352,177,330,142,304,132,282,130
21.42,0,451,388,272,340,260,297,241,267,237,250,222,320,172,299,131,273,127,252,134,332,168,305,116,273,119,251,137,343,170,317,121,283,122,260,137,353,178,330,143,303,132,281,131
21.46,0,452,391,269,341,259,299,242,270,236,262,219,318,174,295,136,269,133,248,139,330,170,303,118,272,121,251,138,342,171,316,122,281,123,258,137,351,179,326,146,297,139,274,141
21.51,0,453,390,270,342,260,299,243,270,237,262,220,320,174,298,135,270,132,250,138,332,170,305,118,272,120,251,137,343,171,317,122,281,124,258,139,352,179,326,145,297,139,274,142
21.56,0,454,390,268,341,261,297,243,267,237,265,219,319,173,295,134,267,132,246,139,330,168,300,117,268,120,248,138,341,169,313,120,277,124,255,139,349,177,323,144,294,139,271,143
21.61,0,455,391,269,342,261,298,245,268,238,266,219,320,174,295,136,267,133,246,139,331,170,301,118,269,120,248,137,342,170,314,121,278,123,255,137,350,177,322,144,293,138,270,142
21.65,0,456,385,267,338,261,296,243,266,235,269,217,315,173,292,134,263,131,242,138,325,169,297,116,264,119,244,137,336,170,309,120,274,123,252,138,345,178,321,144,292,138,270,140
21.7,0,457,385,267,337,260,295,243,266,234,270,215,318,172,293,133,263,131,241,139,328,169,297,116,264,120,244,138,338,170,311,121,274,123,251,139,346,178,320,145,291,139,268,143
21.75,0,458,384,267,337,260,296,243,267,234,269,216,317,172,294,133,265,131,243,138,327,169,298,117,265,120,244,137,338,170,311,122,274,124,251,139,346,178,321,145,292,139,269,142
21.79,0,459,383,266,335,260,295,242,267,233,268,214,314,171,293,132,265,130,245,137,325,168,299,114,266,119,246,136,335,169,311,119,274,123,252,139,344,176,319,142,289,138,267,143
21.84,0,460,383,268,336,260,295,242,268,233,267,215,315,172,294,133,266,130,245,136,325,168,300,115,267,118,247,136,336,170,311,120,275,123,252,138,344,177,318,143,289,138,266,143
21.89,0,461,381,268,335,261,295,242,267,233,266,215,315,172,296,131,269,128,250,136,325,168,303,113,270,117,251,135,335,169,314,118,278,122,257,138,344,176,320,141,291,137,270,144
21.93,0,462,381,269,335,261,295,242,268,233,266,215,314,172,297,131,271,129,251,137,325,169,304,114,271,117,252,134,335,169,314,118,279,122,257,137,344,176,321,141,291,137,270,143
21.98,0,463,379,270,333,264,294,244,268,236,264,220,316,171,308,123,283,119,263,127,326,168,315,108,283,108,265,125,335,170,323,118,287,118,265,131,342,177,325,141,296,134,275,137
22.03,0,464,377,271,330,264,292,245,266,236,265,219,311,171,306,123,281,119,264,127,323,169,315,107,283,109,266,125,333,172,325,117,289,117,269,130,343,180,328,142,300,135,280,139
22.09,0,465,378,272,329,264,291,245,265,236,264,219,311,172,306,124,282,119,265,126,323,170,316,108,284,109,266,125,333,172,325,118,290,117,269,130,343,180,328,142,300,135,281,139
22.13,0,466,376,273,328,265,289,246,263,236,263,218,311,171,307,122,281,118,264,127,322,169,316,108,283,109,266,125,333,172,325,117,289,116,268,130,342,181,328,143,299,135,280,138
22.18,0,467,376,274,329,266,290,246,264,237,264,218,310,171,305,124,281,119,264,126,322,170,316,108,283,109,266,125,332,173,325,118,289,116,269,130,342,182,328,143,300,135,281,139
22.23,0,468,375,274,326,266,287,246,261,236,261,218,311,171,306,124,281,119,263,127,322,169,314,108,281,110,264,126,332,171,322,118,286,118,265,131,340,180,324,142,296,136,275,139
22.27,0,469,376,274,327,266,288,246,262,237,261,218,310,173,305,126,281,120,263,125,322,171,315,110,283,109,265,124,332,173,324,119,288,118,267,131,341,181,326,144,298,136,277,140
22.32,0,470,371,276,323,266,284,247,257,236,256,215,307,174,299,130,274,125,256,132,319,171,311,112,278,113,259,129,331,173,322,119,285,118,263,132,340,182,324,144,295,137,274,140
22.37,0,471,369,276,321,265,282,246,255,235,255,213,306,175,297,133,272,127,254,133,317,171,308,114,275,115,255,131,328,173,317,120,281,121,259,134,337,181,320,144,291,138,270,141
22.42,0,472,368,276,321,266,283,246,256,235,255,214,306,176,297,132,271,127,253,134,318,173,308,114,274,115,255,131,329,174,318,121,281,121,259,135,338,181,321,144,293,137,272,141
22.46,0,473,367,275,320,266,281,245,253,234,251,212,303,175,293,133,268,129,250,136,316,171,305,115,272,116,253,133,329,172,317,120,281,121,258,135,339,180,322,144,293,137,271,140
22.51,0,474,367,275,321,266,281,245,253,234,252,212,304,176,293,133,267,129,249,136,317,172,305,115,272,116,253,133,329,173,317,121,281,121,259,135,339,181,322,144,293,138,271,141
22.56,0,475,366,275,321,265,280,244,251,233,246,211,304,175,291,133,264,129,245,137,316,171,301,116,267,118,247,135,328,172,313,120,277,122,255,136,339,180,319,144,290,137,268,140
22.6,0,476,366,275,321,265,280,244,251,232,247,211,303,176,291,133,265,130,246,137,316,172,301,116,267,119,247,136,328,172,313,120,277,122,255,137,338,179,319,143,290,137,268,141
22.65,0,477,365,275,321,264,280,243,249,232,241,211,303,176,283,135,256,131,235,139,315,171,293,119,259,120,238,139,327,172,308,121,272,121,249,135,338,179,317,143,289,134,266,136
22.71,0,478,367,275,321,264,279,243,249,232,240,211,304,176,282,136,254,132,233,138,316,172,289,121,256,122,233,139,328,173,303,124,268,123,244,136,339,179,315,146,288,136,264,136
22.76,0,479,367,275,321,264,279,243,249,232,239,212,303,176,281,136,254,132,233,138,315,172,289,122,256,122,233,139,327,172,303,124,268,123,243,136,338,179,314,145,286,135,263,136
22.81,0,480,366,275,320,264,278,242,247,232,236,212,304,174,281,134,253,130,231,137,316,171,287,120,253,121,231,138,328,172,301,123,265,122,240,135,338,179,313,145,285,135,262,135
22.85,0,481,367,276,320,263,278,243,248,232,236,212,303,175,280,135,254,129,232,135,315,171,287,121,254,121,232,138,327,173,301,125,266,123,242,135,338,180,315,147,288,136,266,135
22.9,0,482,367,274,321,262,278,241,247,231,235,211,304,173,279,135,251,130,228,136,316,169,283,121,251,121,228,137,327,170,299,124,264,121,239,133,338,178,312,146,285,135,261,133
22.95,0,483,367,275,321,262,278,241,248,231,235,211,304,174,279,135,252,130,229,135,316,170,284,121,252,121,229,137,328,171,299,125,264,122,239,133,338,179,313,147,286,136,263,134
23.0,0,484,369,272,320,260,277,239,245,231,231,210,305,170,278,133,250,128,225,132,315,166,281,120,248,119,223,132,327,167,295,122,259,119,232,129,336,175,308,143,279,132,255,129
23.04,0,485,368,271,320,260,275,240,242,232,227,211,303,169,275,133,247,128,223,133,314,165,278,120,246,119,221,133,326,167,292,122,257,119,230,129,335,175,305,144,276,132,252,129
23.09,0,486,368,272,320,260,275,240,242,231,225,212,303,169,275,133,248,128,223,133,314,166,278,121,246,120,222,133,326,168,293,123,258,119,232,129,335,175,306,144,278,133,254,129
23.14,0,487,367,273,320,261,275,241,241,235,222,217,302,170,272,135,243,131,219,135,313,167,274,123,242,123,218,136,325,169,289,126,254,123,227,133,336,177,307,147,279,134,255,128
23.19,0,488,367,274,319,260,274,241,241,234,223,216,301,170,271,135,243,131,219,135,313,167,274,123,242,123,218,136,325,169,289,126,254,123,228,133,335,177,306,147,278,135,254,130
23.23,0,489,368,274,318,260,274,241,240,235,218,220,301,170,270,136,242,132,217,136,312,167,271,126,239,126,215,138,323,169,285,130,249,127,222,135,332,178,303,150,276,137,252,131
23.28,0,490,367,273,317,260,273,242,240,237,219,221,300,171,269,137,242,132,217,135,311,167,272,126,240,125,216,136,322,169,285,129,250,126,223,135,331,177,301,149,273,137,249,132
23.32,0,491,367,279,318,266,274,250,238,248,210,239,296,180,259,150,231,144,206,144,307,175,263,141,232,138,207,146,319,176,277,142,241,138,214,144,328,182,296,156,268,145,243,140
23.38,0,492,364,278,316,269,271,253,235,252,207,246,290,178,256,148,229,143,204,145,301,174,259,139,226,137,200,145,313,176,272,142,236,138,207,143,323,184,291,159,264,148,239,141
23.44,0,493,366,280,318,270,271,253,237,253,208,247,292,180,257,148,230,142,205,145,303,176,260,140,228,136,202,145,314,178,273,141,238,137,209,143,324,185,290,160,262,148,237,142
23.48,0,494,365,280,317,270,270,254,235,254,207,246,293,180,258,147,230,142,205,146,303,176,259,138,226,136,200,146,313,178,272,140,236,136,208,143,321,187,288,160,260,148,236,141
23.53,0,495,367,282,317,270,270,254,235,253,206,246,295,181,259,148,231,143,205,146,305,177,260,140,226,137,201,148,315,180,273,142,237,137,209,144,322,189,288,161,260,148,235,141
23.57,0,496,361,280,313,271,268,255,233,255,205,249,288,180,257,142,230,138,207,144,298,176,259,134,226,133,202,145,308,179,270,137,236,134,210,142,317,187,286,158,261,144,238,137
23.63,0,497,361,282,312,273,266,257,231,257,203,251,289,181,259,143,232,135,207,137,300,178,262,132,229,127,204,137,309,181,273,135,238,130,211,135,315,189,285,157,258,141,234,132
23.68,0,498,362,283,312,273,266,256,231,256,202,251,288,180,259,142,231,134,207,136,299,177,262,131,228,127,203,137,309,180,272,135,236,129,209,135,315,189,283,156,256,142,232,133
23.73,0,499,361,283,311,274,265,257,230,257,201,251,288,180,259,140,231,133,206,135,300,176,261,129,227,125,202,135,309,180,272,133,235,128,208,133,315,189,282,156,254,141,230,132
23.77,0,500,362,286,312,275,265,258,230,257,201,251,288,181,258,142,231,133,207,133,299,178,261,132,228,126,202,134,309,182,272,136,237,128,210,132,316,191,285,157,259,141,235,130
23.82,0,501,361,285,311,275,265,259,230,258,201,253,288,181,259,141,231,133,206,135,300,178,262,130,228,126,203,136,309,181,272,134,236,129,210,134,314,190,282,157,254,142,231,134
23.87,0,502,361,286,312,276,266,259,230,258,201,252,287,182,258,142,230,134,207,134,299,179,262,131,228,126,203,136,308,182,272,136,237,129,211,133,315,191,284,158,257,142,234,133
23.92,0,503,360,288,310,277,264,261,229,260,199,253,287,184,258,143,230,135,206,136,299,181,261,132,227,127,201,137,309,184,272,137,236,130,209,135,316,194,284,159,256,144,232,135
23.97,0,504,361,289,311,278,265,261,230,260,201,253,287,184,257,145,229,136,206,136,299,181,261,133,226,129,200,138,309,184,271,139,235,132,207,137,315,193,282,160,255,145,231,136
24.01,0,505,361,289,311,278,265,261,231,260,202,254,288,184,257,144,230,136,205,136,299,181,261,133,227,128,201,138,309,184,271,138,235,132,208,137,314,193,281,160,254,144,231,135
24.06,0,506,363,289,312,278,266,261,231,260,203,252,289,183,259,144,231,136,207,138,300,179,262,133,228,129,202,138,310,183,273,138,237,132,209,137,316,193,285,161,258,145,234,136
24.1,0,507,363,289,312,278,266,261,231,259,203,253,289,183,259,143,232,135,208,137,300,180,263,132,229,128,203,138,310,183,273,137,237,131,209,137,315,193,284,160,256,144,232,135
24.15,0,508,364,289,313,278,267,260,233,259,204,251,292,183,261,143,233,135,209,136,303,180,263,132,229,129,204,139,313,185,274,139,238,133,211,138,319,195,287,162,261,146,238,136
24.19,0,509,365,289,313,278,267,260,232,259,204,251,292,184,262,143,234,135,210,136,304,181,264,132,229,129,204,139,314,185,274,140,238,133,211,138,320,195,287,162,260,146,237,136
24.24,0,510,366,291,314,279,268,261,233,259,205,250,294,185,263,145,236,136,211,137,306,183,266,134,232,130,206,140,316,187,277,141,240,134,212,138,321,197,289,163,262,147,238,137
24.29,0,511,367,290,315,279,268,261,234,259,205,252,295,186,264,146,236,137,212,137,306,182,267,135,232,130,205,139,316,187,277,140,240,133,212,138,321,196,289,163,262,146,239,135
24.33,0,512,369,294,318,283,271,264,236,262,207,253,297,187,265,148,237,140,212,141,309,185,266,140,231,135,205,144,319,189,278,146,240,139,211,143,324,199,291,167,264,151,240,140
24.38,0,513,366,294,316,283,269,265,234,263,207,255,293,187,262,147,235,140,211,143,304,185,265,138,232,134,206,144,316,190,277,145,242,139,214,143,324,201,293,170,267,155,243,144
24.43,0,514,367,294,316,282,269,264,235,262,207,255,295,187,264,146,236,139,211,142,306,185,265,138,231,134,206,144,316,191,276,147,240,140,213,144,323,202,292,170,265,154,241,143
24.48,0,515,363,292,313,281,266,263,230,261,202,255,289,187,259,145,231,139,207,142,301,185,261,137,228,132,203,142,312,189,273,144,238,137,210,142,320,200,289,167,262,151,238,141
24.52,0,516,363,292,313,281,266,263,231,261,203,253,291,186,259,144,229,138,204,142,303,184,261,136,226,132,200,143,314,190,272,145,235,139,207,144,321,202,288,168,261,151,236,140
24.57,0,517,360,289,309,278,262,260,227,258,200,250,288,182,255,141,226,136,201,141,299,180,256,133,221,131,195,142,309,185,267,140,231,135,203,142,316,197,283,163,257,147,233,135
24.62,0,518,362,290,309,278,263,260,228,258,199,251,289,183,257,141,228,135,204,139,301,181,257,134,222,131,196,143,311,187,268,142,231,137,203,143,317,198,284,165,258,148,234,136
24.67,0,519,360,284,309,274,263,255,227,253,200,246,286,175,255,133,226,127,201,130,296,173,255,126,221,123,195,132,306,178,266,132,230,127,201,131,313,189,283,156,258,140,235,128
24.71,0,520,359,281,307,270,260,251,225,249,197,241,285,173,253,133,224,125,199,126,297,170,255,122,220,118,194,128,306,174,266,128,230,122,201,127,312,185,280,151,254,134,230,123
24.76,0,521,360,282,308,269,262,251,226,248,197,240,286,173,253,134,224,125,199,126,297,170,254,124,219,120,192,129,307,175,266,130,229,123,201,127,313,184,282,151,256,134,233,122
24.81,0,522,357,281,306,269,259,251,223,248,195,240,284,171,252,131,223,123,197,124,295,168,253,121,218,116,191,124,305,172,264,126,227,119,198,123,311,183,278,149,251,133,227,121
24.85,0,523,358,281,306,269,259,250,223,247,193,238,284,171,251,131,222,123,196,124,296,168,253,121,217,117,189,126,307,173,264,127,226,121,197,126,312,184,280,150,253,133,229,121
24.9,0,524,355,280,304,268,258,250,222,247,192,240,280,172,248,132,220,123,195,124,291,168,251,121,216,116,188,124,301,171,263,124,226,117,197,121,308,181,277,147,250,131,226,121
24.95,0,525,356,279,304,268,258,250,223,247,194,239,281,172,249,132,220,124,195,124,292,168,252,121,216,116,189,124,302,171,262,124,225,118,197,123,308,180,275,146,247,130,222,120
24.99,0,526,364,283,316,270,270,251,234,248,205,239,295,172,263,129,235,121,210,124,306,169,266,121,232,116,205,126,315,173,278,127,243,119,215,123,323,183,295,151,270,136,247,126
25.04,0,527,370,282,318,269,271,250,236,247,207,236,299,172,267,130,238,121,213,123,311,169,270,119,235,114,208,124,320,173,280,126,243,119,215,123,325,183,293,148,266,131,242,121
25.09,0,528,370,282,318,269,271,250,237,247,208,237,298,172,267,131,238,121,213,123,310,169,270,120,236,114,209,124,320,173,282,125,246,117,217,122,326,183,295,148,268,131,244,121
25.13,0,529,368,281,316,270,269,252,234,249,206,241,292,173,262,132,235,123,210,126,304,170,267,121,233,116,206,125,315,173,278,125,243,118,215,123,323,182,292,148,266,132,242,123
25.18,0,530,369,280,317,270,271,251,236,249,207,241,294,172,263,132,235,123,210,125,305,169,267,120,232,115,206,126,315,172,278,124,242,118,213,124,321,181,290,147,263,131,239,123
25.23,0,531,367,282,316,271,268,253,233,251,204,244,289,175,257,134,229,126,204,130,301,171,261,123,227,119,200,129,312,175,274,128,238,121,210,127,321,184,290,151,263,134,238,124
25.27,0,532,368,282,316,271,269,253,234,251,205,243,292,174,259,133,229,125,204,127,303,171,261,123,226,118,198,129,314,175,273,128,236,122,207,127,320,184,289,150,262,134,237,124
